setting,recall,false_cut_in_rate,detection_latency_p10_ms,detection_latency_p50_ms,detection_latency_p90_ms,tp,fn,fp,tn
0,0.9964080459770115,0.9690576652601969,4.9999999999954525,25.000000000034106,45.000000000015916,1387,5,689,22
0.001,0.9964080459770115,0.9690576652601969,4.9999999999954525,25.000000000034106,45.000000000015916,1387,5,689,22
0.002,0.9964080459770115,0.9690576652601969,4.9999999999954525,25.000000000034106,45.000000000015916,1387,5,689,22
0.003,0.9964080459770115,0.9690576652601969,4.9999999999954525,25.000000000034106,45.000000000015916,1387,5,689,22
0.004,0.9964080459770115,0.9690576652601969,4.9999999999954525,25.000000000034106,45.000000000015916,1387,5,689,22
0.005,0.9964080459770115,0.9690576652601969,4.9999999999954525,25.000000000034106,45.000000000015916,1387,5,689,22
0.006,0.9964080459770115,0.9690576652601969,4.9999999999954525,25.000000000034106,45.000000000015916,1387,5,689,22
0.007,0.9964080459770115,0.9690576652601969,4.9999999999954525,25.000000000034106,45.000000000015916,1387,5,689,22
0.008,0.9964080459770115,0.9690576652601969,4.9999999999954525,25.000000000034106,45.000000000015916,1387,5,689,22
0.009,0.9964080459770115,0.9690576652601969,4.9999999999954525,25.000000000034106,45.000000000015916,1387,5,689,22
0.01,0.9964080459770115,0.9690576652601969,4.9999999999954525,25.000000000034106,45.000000000015916,1387,5,689,22
0.011,0.9964080459770115,0.9690576652601969,4.9999999999954525,25.000000000034106,45.000000000015916,1387,5,689,22
0.012,0.9964080459770115,0.9690576652601969,4.9999999999954525,25.000000000034106,45.000000000015916,1387,5,689,22
0.013,0.9964080459770115,0.9690576652601969,4.9999999999954525,25.000000000034106,45.000000000015916,1387,5,689,22
0.014,0.9964080459770115,0.9690576652601969,4.9999999999954525,25.000000000034106,45.000000000015916,1387,5,689,22
0.015,0.9964080459770115,0.9690576652601969,4.9999999999954525,25.000000000034106,45.000000000015916,1387,5,689,22
0.016,0.9964080459770115,0.9690576652601969,4.9999999999954525,25.000000000034106,45.000000000015916,1387,5,689,22
0.017,0.9964080459770115,0.9690576652601969,4.9999999999954525,25.000000000034106,45.000000000015916,1387,5,689,22
0.018,0.9964080459770115,0.9690576652601969,4.9999999999954525,25.000000000034106,45.000000000015916,1387,5,689,22
0.019,0.9964080459770115,0.9690576652601969,4.9999999999954525,25.000000000034106,45.000000000015916,1387,5,689,22
0.02,0.9964080459770115,0.9690576652601969,4.9999999999954525,25.000000000034106,45.000000000015916,1387,5,689,22
0.021,0.9964080459770115,0.9690576652601969,4.9999999999954525,25.000000000034106,45.000000000015916,1387,5,689,22
0.022,0.9964080459770115,0.9690576652601969,4.9999999999954525,25.000000000034106,45.000000000015916,1387,5,689,22
0.023,0.9964080459770115,0.9690576652601969,4.9999999999954525,25.000000000034106,45.000000000015916,1387,5,689,22
0.024,0.9964080459770115,0.9690576652601969,4.9999999999954525,25.000000000034106,45.000000000015916,1387,5,689,22
0.025,0.9964080459770115,0.9690576652601969,4.9999999999954525,25.000000000034106,45.000000000015916,1387,5,689,22
0.026,0.9964080459770115,0.9690576652601969,4.9999999999954525,25.000000000034106,45.000000000015916,1387,5,689,22
0.027,0.9964080459770115,0.9690576652601969,4.9999999999954525,25.000000000034106,45.000000000015916,1387,5,689,22
0.028,0.9964080459770115,0.9690576652601969,4.9999999999954525,25.000000000034106,45.000000000015916,1387,5,689,22
0.029,0.9964080459770115,0.9690576652601969,4.9999999999954525,25.000000000034106,45.000000000015916,1387,5,689,22
0.03,0.9964080459770115,0.9690576652601969,4.9999999999954525,25.000000000034106,45.000000000015916,1387,5,689,22
0.031,0.9964080459770115,0.9690576652601969,4.9999999999954525,25.000000000034106,45.000000000015916,1387,5,689,22
0.032,0.9964080459770115,0.9690576652601969,4.9999999999954525,25.000000000034106,45.000000000015916,1387,5,689,22
0.033,0.9964080459770115,0.9690576652601969,4.9999999999954525,25.000000000034106,45.000000000015916,1387,5,689,22
0.034,0.9964080459770115,0.9690576652601969,4.9999999999954525,25.000000000034106,45.000000000015916,1387,5,689,22
0.035,0.9964080459770115,0.9690576652601969,4.9999999999954525,25.000000000034106,45.000000000015916,1387,5,689,22
0.036,0.9964080459770115,0.9690576652601969,4.9999999999954525,25.000000000034106,45.000000000015916,1387,5,689,22
0.037,0.9964080459770115,0.9690576652601969,4.9999999999954525,25.000000000034106,45.000000000015916,1387,5,689,22
0.038,0.9964080459770115,0.9690576652601969,4.9999999999954525,25.000000000034106,45.000000000015916,1387,5,689,22
0.039,0.9964080459770115,0.9690576652601969,4.9999999999954525,25.000000000034106,45.000000000015916,1387,5,689,22
0.04,0.9964080459770115,0.9690576652601969,4.9999999999954525,25.000000000034106,45.000000000015916,1387,5,689,22
0.041,0.9964080459770115,0.9690576652601969,4.9999999999954525,25.000000000034106,45.000000000015916,1387,5,689,22
0.042,0.9964080459770115,0.9690576652601969,4.9999999999954525,25.000000000034106,45.000000000015916,1387,5,689,22
0.043,0.9964080459770115,0.9690576652601969,4.9999999999954525,25.000000000034106,45.000000000015916,1387,5,689,22
0.044,0.9964080459770115,0.9690576652601969,4.9999999999954525,25.000000000034106,45.000000000015916,1387,5,689,22
0.045,0.9964080459770115,0.9690576652601969,4.9999999999954525,25.000000000034106,45.000000000015916,1387,5,689,22
0.046,0.9964080459770115,0.9690576652601969,4.9999999999954525,25.000000000034106,45.000000000015916,1387,5,689,22
0.047,0.9964080459770115,0.9690576652601969,4.9999999999954525,25.000000000034106,45.000000000015916,1387,5,689,22
0.048,0.9964080459770115,0.9690576652601969,4.9999999999954525,25.000000000034106,45.000000000015916,1387,5,689,22
0.049,0.9964080459770115,0.9690576652601969,4.9999999999954525,25.000000000034106,45.000000000015916,1387,5,689,22
0.05,0.9964080459770115,0.9690576652601969,4.9999999999954525,25.000000000034106,45.000000000015916,1387,5,689,22
0.051,0.9964080459770115,0.9690576652601969,4.9999999999954525,25.000000000034106,45.000000000015916,1387,5,689,22
0.052,0.9964080459770115,0.9690576652601969,4.9999999999954525,25.000000000034106,45.000000000015916,1387,5,689,22
0.053,0.9964080459770115,0.9690576652601969,4.9999999999954525,25.000000000034106,45.000000000015916,1387,5,689,22
0.054,0.9964080459770115,0.9690576652601969,4.9999999999954525,25.000000000034106,45.000000000015916,1387,5,689,22
0.055,0.9964080459770115,0.9690576652601969,4.9999999999954525,25.00000000009095,45.000000000015916,1387,5,689,22
0.056,0.9964080459770115,0.9690576652601969,4.9999999999954525,25.00000000009095,45.000000000015916,1387,5,689,22
0.057,0.9964080459770115,0.9690576652601969,4.9999999999954525,25.00000000009095,45.000000000015916,1387,5,689,22
0.058,0.9964080459770115,0.9690576652601969,4.9999999999954525,25.00000000009095,45.00000000003865,1387,5,689,22
0.059,0.9964080459770115,0.9690576652601969,4.9999999999954525,25.00000000009095,45.00000000003865,1387,5,689,22
0.06,0.9964080459770115,0.9690576652601969,4.9999999999954525,25.00000000009095,45.00000000003865,1387,5,689,22
0.061,0.9964080459770115,0.9690576652601969,4.9999999999954525,25.00000000009095,45.00000000003865,1387,5,689,22
0.062,0.9964080459770115,0.9690576652601969,4.9999999999954525,25.00000000009095,45.00000000003865,1387,5,689,22
0.063,0.9964080459770115,0.9690576652601969,4.9999999999954525,25.00000000009095,45.00000000003865,1387,5,689,22
0.064,0.9964080459770115,0.9690576652601969,4.9999999999954525,25.00000000009095,45.00000000007276,1387,5,689,22
0.065,0.9964080459770115,0.9690576652601969,4.9999999999954525,25.00000000009095,45.00000000007276,1387,5,689,22
0.066,0.9964080459770115,0.9690576652601969,4.9999999999954525,25.00000000009095,45.00000000007276,1387,5,689,22
0.067,0.9964080459770115,0.9690576652601969,4.9999999999954525,25.00000000009095,45.00000000007276,1387,5,689,22
0.068,0.9964080459770115,0.9690576652601969,4.9999999999954525,25.00000000009095,45.00000000007276,1387,5,689,22
0.069,0.9964080459770115,0.9690576652601969,4.9999999999954525,25.00000000009095,45.00000000007276,1387,5,689,22
0.07,0.9964080459770115,0.9690576652601969,4.9999999999954525,25.00000000009095,45.00000000007276,1387,5,689,22
0.071,0.9964080459770115,0.9690576652601969,4.9999999999954525,25.00000000009095,45.00000000007276,1387,5,689,22
0.072,0.9964080459770115,0.9690576652601969,4.9999999999954525,25.00000000009095,45.00000000007276,1387,5,689,22
0.073,0.9956896551724138,0.9690576652601969,4.9999999999954525,25.00000000009095,45.00000000007276,1386,6,689,22
0.074,0.9956896551724138,0.9690576652601969,4.9999999999954525,25.500000000022283,45.00000000007276,1386,6,689,22
0.075,0.9956896551724138,0.9690576652601969,4.9999999999954525,25.500000000022283,45.00000000007276,1386,6,689,22
0.076,0.9956896551724138,0.9690576652601969,4.9999999999954525,25.999999999953616,45.00000000007276,1386,6,689,22
0.077,0.9956896551724138,0.9690576652601969,4.9999999999954525,25.999999999953616,45.00000000007276,1386,6,689,22
0.078,0.9956896551724138,0.9690576652601969,4.9999999999954525,25.999999999953616,45.00000000007276,1386,6,689,22
0.079,0.9956896551724138,0.9690576652601969,4.9999999999954525,25.999999999953616,45.00000000007276,1386,6,689,22
0.08,0.9956896551724138,0.9690576652601969,4.9999999999954525,25.999999999953616,45.500000000032514,1386,6,689,22
0.081,0.9956896551724138,0.9690576652601969,4.9999999999954525,25.999999999953616,45.500000000032514,1386,6,689,22
0.082,0.9956896551724138,0.9690576652601969,4.9999999999954525,25.999999999953616,45.99999999999227,1386,6,689,22
0.083,0.9956896551724138,0.9690576652601969,4.9999999999954525,25.999999999953616,45.99999999999227,1386,6,689,22
0.084,0.9956896551724138,0.9690576652601969,4.9999999999954525,25.999999999953616,45.99999999999227,1386,6,689,22
0.085,0.9956896551724138,0.9690576652601969,4.9999999999954525,25.999999999953616,45.99999999999227,1386,6,689,22
0.086,0.9956896551724138,0.9690576652601969,4.9999999999954525,25.999999999953616,45.99999999999227,1386,6,689,22
0.087,0.9956896551724138,0.9690576652601969,4.9999999999954525,25.999999999953616,45.99999999999227,1386,6,689,22
0.088,0.9956896551724138,0.9690576652601969,4.9999999999954525,25.999999999953616,45.99999999999227,1386,6,689,22
0.089,0.9956896551724138,0.9690576652601969,4.9999999999954525,25.999999999953616,45.99999999999227,1386,6,689,22
0.09,0.9956896551724138,0.9690576652601969,4.9999999999954525,25.999999999953616,45.99999999999227,1386,6,689,22
0.091,0.9956896551724138,0.9690576652601969,4.9999999999954525,25.999999999953616,45.99999999999227,1386,6,689,22
0.092,0.9956896551724138,0.9690576652601969,4.9999999999954525,25.999999999953616,45.99999999999227,1386,6,689,22
0.093,0.9956896551724138,0.9690576652601969,4.9999999999954525,25.999999999953616,45.99999999999227,1386,6,689,22
0.094,0.9956896551724138,0.9690576652601969,4.9999999999954525,25.999999999953616,45.99999999999227,1386,6,689,22
0.095,0.9956896551724138,0.9690576652601969,4.9999999999954525,25.999999999953616,45.99999999999227,1386,6,689,22
0.096,0.9956896551724138,0.9690576652601969,4.999999999997229,25.999999999974932,45.99999999999227,1386,6,689,22
0.097,0.9956896551724138,0.9690576652601969,4.999999999997229,25.999999999974932,45.99999999999227,1386,6,689,22
0.098,0.9956896551724138,0.9690576652601969,4.999999999999449,25.99999999999625,45.99999999999227,1386,6,689,22
0.099,0.9956896551724138,0.9690576652601969,4.999999999999449,25.99999999999625,45.99999999999227,1386,6,689,22
0.1,0.9956896551724138,0.9676511954992968,4.999999999999449,25.99999999999625,45.99999999999227,1386,6,688,23
0.101,0.9956896551724138,0.9676511954992968,4.999999999999449,25.99999999999625,45.99999999999227,1386,6,688,23
0.102,0.9956896551724138,0.9676511954992968,4.999999999999449,25.999999999998025,45.99999999999227,1386,6,688,23
0.103,0.9956896551724138,0.9676511954992968,4.999999999999449,25.999999999998025,45.99999999999227,1386,6,688,23
0.104,0.9956896551724138,0.9676511954992968,4.999999999999449,26.000000000006906,45.99999999999227,1386,6,688,23
0.105,0.9956896551724138,0.9676511954992968,4.999999999999449,26.000000000006906,45.99999999999227,1386,6,688,23
0.106,0.9956896551724138,0.9676511954992968,4.999999999999449,26.000000000006906,45.99999999999227,1386,6,688,23
0.107,0.9956896551724138,0.9676511954992968,4.999999999999449,26.000000000006906,45.99999999999227,1386,6,688,23
0.108,0.9956896551724138,0.9676511954992968,5.000000000004778,26.00000000001046,45.99999999999582,1386,6,688,23
0.109,0.9956896551724138,0.9676511954992968,5.000000000004778,26.00000000001046,45.99999999999582,1386,6,688,23
0.11,0.9956896551724138,0.9676511954992968,5.000000000004778,26.00000000001046,46.000000000004704,1386,6,688,23
0.111,0.9956896551724138,0.9676511954992968,5.000000000004778,26.00000000001046,46.000000000004704,1386,6,688,23
0.112,0.9956896551724138,0.9662447257383966,5.000000000004778,26.00000000001046,46.000000000013586,1386,6,687,24
0.113,0.9956896551724138,0.9662447257383966,5.000000000004778,26.00000000001046,46.000000000013586,1386,6,687,24
0.114,0.9956896551724138,0.9662447257383966,5.000000000004778,26.00000000001046,46.0000000000349,1386,6,687,24
0.115,0.9956896551724138,0.9662447257383966,5.000000000004778,26.00000000001046,46.0000000000349,1386,6,687,24
0.116,0.9956896551724138,0.9662447257383966,5.000000000004778,26.00000000001046,46.0000000000349,1386,6,687,24
0.117,0.9956896551724138,0.9662447257383966,5.000000000004778,26.00000000001046,46.0000000000349,1386,6,687,24
0.118,0.9956896551724138,0.9662447257383966,5.000000000004778,26.00000000001046,46.00000000004911,1386,6,687,24
0.119,0.9956896551724138,0.9662447257383966,5.000000000004778,26.00000000001046,46.00000000004911,1386,6,687,24
0.12,0.9956896551724138,0.9662447257383966,5.000000000004778,26.00000000001046,46.00000000004911,1386,6,687,24
0.121,0.9956896551724138,0.9662447257383966,5.000000000016769,26.000000000067303,46.00000000004911,1386,6,687,24
0.122,0.9956896551724138,0.9662447257383966,5.000000000016769,26.000000000067303,46.00000000004911,1386,6,687,24
0.123,0.9956896551724138,0.9662447257383966,5.000000000016769,26.000000000067303,46.00000000004911,1386,6,687,24
0.124,0.9956896551724138,0.9662447257383966,5.000000000016769,26.499999999998636,46.99999999991178,1386,6,687,24
0.125,0.9956896551724138,0.9662447257383966,5.000000000016769,26.499999999998636,46.99999999991178,1386,6,687,24
0.126,0.9956896551724138,0.9662447257383966,5.000000000016769,26.99999999992997,46.9999999999402,1386,6,687,24
0.127,0.9956896551724138,0.9662447257383966,5.000000000016769,26.99999999995839,46.99999999996862,1386,6,687,24
0.128,0.9956896551724138,0.9662447257383966,5.000000000016769,26.999999999986812,46.99999999996862,1386,6,687,24
0.129,0.9956896551724138,0.9662447257383966,5.49999999999784,26.999999999986812,46.99999999996862,1386,6,687,24
0.13,0.9956896551724138,0.9662447257383966,5.49999999999784,26.999999999986812,46.99999999996862,1386,6,687,24
0.131,0.9956896551724138,0.9634317862165963,5.49999999999784,26.999999999986812,46.99999999996862,1386,6,685,26
0.132,0.9956896551724138,0.9634317862165963,5.49999999999784,26.999999999986812,46.99999999996862,1386,6,685,26
0.133,0.9956896551724138,0.9634317862165963,5.49999999999784,26.999999999986812,46.99999999996862,1386,6,685,26
0.134,0.9956896551724138,0.9634317862165963,5.49999999999784,26.999999999986812,46.99999999996862,1386,6,685,26
0.135,0.9956896551724138,0.9634317862165963,5.49999999999784,26.999999999986812,46.99999999996862,1386,6,685,26
0.136,0.9956896551724138,0.9634317862165963,5.999999999971806,26.999999999986812,46.999999999997044,1386,6,685,26
0.137,0.9942528735632183,0.9634317862165963,5.999999999971806,26.999999999986812,46.999999999997044,1384,8,685,26
0.138,0.9942528735632183,0.9620253164556962,5.999999999971806,26.999999999986812,46.999999999997044,1384,8,684,27
0.139,0.9942528735632183,0.9620253164556962,5.999999999971806,26.999999999986812,46.999999999997044,1384,8,684,27
0.14,0.9942528735632183,0.9620253164556962,5.999999999971806,26.999999999986812,46.999999999997044,1384,8,684,27
0.141,0.9942528735632183,0.960618846694796,5.999999999971806,26.999999999986812,46.999999999997044,1384,8,683,28
0.142,0.9942528735632183,0.960618846694796,5.999999999971806,26.999999999986812,46.999999999997044,1384,8,683,28
0.143,0.9942528735632183,0.9592123769338959,5.999999999971806,26.999999999986812,46.999999999997044,1384,8,682,29
0.144,0.9942528735632183,0.9592123769338959,5.999999999971806,26.999999999986812,46.999999999997044,1384,8,682,29
0.145,0.9942528735632183,0.9592123769338959,5.999999999971806,26.999999999986812,46.999999999997044,1384,8,682,29
0.146,0.9942528735632183,0.9578059071729957,5.999999999971806,26.999999999986812,46.99999999999953,1384,8,681,30
0.147,0.9942528735632183,0.9578059071729957,5.999999999971806,26.999999999986812,47.0000000000006,1384,8,681,30
0.148,0.9942528735632183,0.9578059071729957,5.999999999971806,26.999999999986812,47.0000000000006,1384,8,681,30
0.149,0.9942528735632183,0.9578059071729957,5.999999999971806,26.999999999993918,47.00000000000806,1384,8,681,30
0.15,0.9942528735632183,0.9578059071729957,5.999999999971806,26.999999999993918,47.00000000000806,1384,8,681,30
0.151,0.9942528735632183,0.9578059071729957,5.999999999971806,26.999999999993918,47.00000000000806,1384,8,681,30
0.152,0.9942528735632183,0.9578059071729957,5.999999999971806,27.000000000001023,47.000000000025466,1384,8,681,30
0.153,0.9942528735632183,0.9578059071729957,5.999999999971806,27.000000000001023,47.000000000025466,1384,8,681,30
0.154,0.9942528735632183,0.9578059071729957,5.999999999971806,27.000000000001023,47.000000000025466,1384,8,681,30
0.155,0.9942528735632183,0.9578059071729957,5.999999999971806,27.000000000001023,47.000000000025466,1384,8,681,30
0.156,0.9942528735632183,0.9578059071729957,5.999999999971806,27.000000000015234,47.000000000025466,1384,8,681,30
0.157,0.9942528735632183,0.9578059071729957,5.999999999971806,27.000000000015234,47.000000000025466,1384,8,681,30
0.158,0.9942528735632183,0.9563994374120957,5.999999999971806,27.000000000043656,47.000000000025466,1384,8,680,31
0.159,0.9942528735632183,0.9549929676511955,5.999999999971806,27.000000000043656,47.000000000025466,1384,8,679,32
0.16,0.9942528735632183,0.9549929676511955,5.999999999971806,27.000000000043656,47.000000000025466,1384,8,679,32
0.161,0.9942528735632183,0.9549929676511955,5.999999999971806,27.000000000043656,47.70000000000771,1384,8,679,32
0.162,0.9942528735632183,0.9535864978902954,5.999999999971806,27.000000000043656,47.70000000000771,1384,8,678,33
0.163,0.9942528735632183,0.9507735583684951,5.999999999971806,27.000000000043656,48.000000000001286,1384,8,676,35
0.164,0.9942528735632183,0.9507735583684951,5.999999999971806,27.000000000043656,48.00000000000182,1384,8,676,35
0.165,0.9942528735632183,0.9507735583684951,5.999999999971806,27.000000000043656,48.00000000000182,1384,8,676,35
0.166,0.9942528735632183,0.9507735583684951,5.999999999971806,27.000000000043656,48.00000000000182,1384,8,676,35
0.167,0.9942528735632183,0.9479606188466948,5.999999999971806,27.000000000043656,48.00000000000182,1384,8,674,37
0.168,0.9942528735632183,0.9465541490857946,5.999999999971806,27.000000000043656,48.00000000000182,1384,8,673,38
0.169,0.9942528735632183,0.9451476793248945,5.999999999971806,27.000000000043656,48.00000000000182,1384,8,672,39
0.17,0.9935344827586207,0.9437412095639943,5.999999999971806,27.999999999963165,48.00000000000182,1383,9,671,40
0.171,0.9935344827586207,0.9437412095639943,5.999999999971806,27.999999999963165,48.00000000000182,1383,9,671,40
0.172,0.9935344827586207,0.9437412095639943,5.999999999971806,27.999999999963165,48.00000000000182,1383,9,671,40
0.173,0.9935344827586207,0.9437412095639943,5.999999999971806,27.999999999963165,48.00000000000182,1383,9,671,40
0.174,0.9935344827586207,0.9423347398030942,5.999999999971806,27.999999999963165,48.00000000000182,1383,9,670,41
0.175,0.9935344827586207,0.9423347398030942,5.999999999971806,27.999999999963165,48.00000000000182,1383,9,670,41
0.176,0.9935344827586207,0.9423347398030942,5.999999999971806,27.999999999991587,48.00000000000182,1383,9,670,41
0.177,0.9935344827586207,0.9423347398030942,5.999999999971806,27.999999999991587,48.00000000000182,1383,9,670,41
0.178,0.9935344827586207,0.9423347398030942,5.999999999971806,27.999999999991587,48.00000000000182,1383,9,670,41
0.179,0.9935344827586207,0.9409282700421941,5.999999999971806,27.999999999998693,48.00000000000182,1383,9,669,42
0.18,0.9935344827586207,0.939521800281294,5.999999999971806,27.999999999998693,48.00000000000182,1383,9,668,43
0.181,0.9935344827586207,0.939521800281294,5.999999999971806,27.999999999998693,48.00000000000182,1383,9,668,43
0.182,0.9935344827586207,0.939521800281294,5.999999999971806,28.000000000005798,48.00000000000182,1383,9,668,43
0.183,0.9935344827586207,0.939521800281294,5.999999999971806,28.000000000005798,48.79999999998286,1383,9,668,43
0.184,0.9935344827586207,0.9381153305203939,5.999999999971806,28.000000000005798,48.99999999997817,1383,9,667,44
0.185,0.9935344827586207,0.9381153305203939,5.999999999971806,28.00000000002001,48.99999999997817,1383,9,667,44
0.186,0.9935344827586207,0.9381153305203939,5.999999999971806,28.00000000002001,48.99999999997817,1383,9,667,44
0.187,0.9935344827586207,0.9381153305203939,5.999999999971806,28.00000000002001,48.99999999997817,1383,9,667,44
0.188,0.9935344827586207,0.9381153305203939,5.999999999971806,28.00000000002001,48.99999999997817,1383,9,667,44
0.189,0.9935344827586207,0.9381153305203939,5.999999999971806,28.00000000002001,48.99999999997817,1383,9,667,44
0.19,0.9935344827586207,0.9367088607594937,5.99999999997749,28.00000000002001,48.99999999998954,1383,9,666,45
0.191,0.9935344827586207,0.9367088607594937,6.000000000000227,28.00000000002001,49.000000000006594,1383,9,666,45
0.192,0.9935344827586207,0.9353023909985936,6.000000000000227,28.00000000002001,49.000000000006594,1383,9,665,46
0.193,0.9935344827586207,0.9353023909985936,6.000000000000227,28.00000000002001,49.000000000006594,1383,9,665,46
0.194,0.9935344827586207,0.9353023909985936,6.000000000000227,28.00000000002001,49.000000000006594,1383,9,665,46
0.195,0.9935344827586207,0.9353023909985936,6.000000000000227,28.999999999996362,49.00000000002933,1383,9,665,46
0.196,0.9935344827586207,0.9353023909985936,6.000000000000227,28.999999999996362,49.000000000035016,1383,9,665,46
0.197,0.9935344827586207,0.9353023909985936,6.000000000000227,28.999999999996362,49.79999999999332,1383,9,665,46
0.198,0.9935344827586207,0.9353023909985936,6.000000000000227,28.999999999996362,50.99999999998772,1383,9,665,46
0.199,0.9935344827586207,0.9353023909985936,6.000000000000227,28.999999999996362,51.79999999996876,1383,9,665,46
0.2,0.9935344827586207,0.9353023909985936,6.000000000000227,28.999999999996362,51.79999999996876,1383,9,665,46
0.201,0.9935344827586207,0.9353023909985936,6.000000000000227,28.999999999996362,51.9999999999925,1383,9,665,46
0.202,0.9935344827586207,0.9324894514767933,6.000000000000227,28.999999999996362,52.000000000003865,1383,9,663,48
0.203,0.9935344827586207,0.9324894514767933,6.000000000000227,28.999999999996362,53.79999999997831,1383,9,663,48
0.204,0.9935344827586207,0.9310829817158931,6.000000000000227,28.999999999996362,54.99999999994998,1383,9,662,49
0.205,0.9935344827586207,0.9310829817158931,6.000000000000227,28.999999999996362,56.00000000004002,1383,9,662,49
0.206,0.9935344827586207,0.9310829817158931,6.000000000000227,28.999999999996362,57.00000000000216,1383,9,662,49
0.207,0.9935344827586207,0.9310829817158931,6.000000000000227,28.999999999996362,57.00000000001637,1383,9,662,49
0.208,0.9935344827586207,0.929676511954993,6.000000000000227,28.999999999996362,57.79999999999741,1383,9,661,50
0.209,0.9935344827586207,0.929676511954993,6.000000000000227,29.999999999972715,58.79999999998513,1383,9,661,50
0.21,0.9935344827586207,0.929676511954993,6.000000000005912,29.999999999972715,59.80000000000696,1383,9,661,50
0.211,0.9935344827586207,0.9282700421940928,6.000000000005912,29.999999999972715,60.000000000002274,1383,9,660,51
0.212,0.9935344827586207,0.9282700421940928,6.000000000005912,29.999999999972715,61.800000000010826,1383,9,660,51
0.213,0.9935344827586207,0.9268635724331927,6.000000000005912,29.999999999972715,61.800000000010826,1383,9,659,52
0.214,0.9935344827586207,0.9254571026722925,6.000000000028649,29.99999999999403,63.59999999999663,1383,9,658,53
0.215,0.9935344827586207,0.9254571026722925,6.000000000028649,30.000000000001137,65.79999999997877,1383,9,658,53
0.216,0.9935344827586207,0.9254571026722925,6.000000000028649,30.000000000001137,66.8000000000006,1383,9,658,53
0.217,0.9935344827586207,0.9240506329113924,6.000000000028649,30.000000000001137,67.79999999998832,1383,9,657,54
0.218,0.9935344827586207,0.9226441631504922,6.200000000058043,30.000000000001137,67.99999999998363,1383,9,656,55
0.219,0.9935344827586207,0.9226441631504922,6.200000000058043,30.000000000001137,67.99999999998363,1383,9,656,55
0.22,0.9935344827586207,0.919831223628692,6.999999999948159,30.00000000002956,67.99999999998363,1383,9,654,57
0.221,0.9935344827586207,0.9184247538677919,6.999999999948159,30.00000000002956,68.0000000000291,1383,9,653,58
0.222,0.9935344827586207,0.9184247538677919,6.999999999953843,30.000000000086402,68.0000000000291,1383,9,653,58
0.223,0.9935344827586207,0.9184247538677919,6.999999999953843,30.000000000086402,71.80000000000173,1383,9,653,58
0.224,0.9935344827586207,0.9184247538677919,6.999999999953843,30.99999999994907,72.00000000000273,1383,9,653,58
0.225,0.9935344827586207,0.9170182841068917,6.9999999999922125,30.9999999999917,73.0000000000075,1383,9,652,59
0.226,0.9935344827586207,0.9170182841068917,6.9999999999922125,30.9999999999917,73.0000000000075,1383,9,652,59
0.227,0.9935344827586207,0.9156118143459916,6.999999999997897,30.999999999998806,74.99999999998863,1383,9,651,60
0.228,0.9935344827586207,0.9156118143459916,6.999999999997897,31.00000000000591,75.00000000004547,1383,9,651,60
0.229,0.9935344827586207,0.9127988748241913,6.999999999997897,31.00000000000591,75.00000000004547,1383,9,649,62
0.23,0.9935344827586207,0.9127988748241913,6.999999999998252,31.00000000000591,76.99999999999818,1383,9,649,62
0.231,0.9935344827586207,0.9127988748241913,6.999999999998252,31.00000000000591,76.99999999999818,1383,9,649,62
0.232,0.9935344827586207,0.9127988748241913,6.999999999998252,31.00000000000591,76.99999999999818,1383,9,649,62
0.233,0.9935344827586207,0.909985935302391,6.999999999998252,31.00000000000591,76.99999999999818,1383,9,647,64
0.234,0.9935344827586207,0.9085794655414908,6.999999999998252,31.00000000000591,77.79999999997922,1383,9,646,65
0.235,0.9935344827586207,0.9085794655414908,6.999999999998252,31.00000000000591,78.00000000007117,1383,9,646,65
0.236,0.9935344827586207,0.9085794655414908,7.0000000000014495,31.00000000000591,78.99999999999636,1383,9,646,65
0.237,0.9935344827586207,0.9071729957805907,7.0000000000014495,31.00000000000591,79.9999999999983,1383,9,645,66
0.238,0.9935344827586207,0.9057665260196905,7.0000000000014495,31.00000000000591,80.00000000001037,1383,9,644,67
0.239,0.9935344827586207,0.9057665260196905,7.0000000000014495,31.99999999992542,80.79999999999355,1383,9,644,67
0.24,0.9935344827586207,0.9043600562587905,7.0000000000014495,31.99999999992542,81.99999999999363,1383,9,643,68
0.241,0.9935344827586207,0.9043600562587905,7.0000000000014495,31.999999999982265,82.79999999998604,1383,9,643,68
0.242,0.9935344827586207,0.8987341772151899,7.0000000000014495,31.999999999982265,82.79999999998604,1383,9,639,72
0.243,0.9935344827586207,0.8973277074542897,7.00000000000216,31.999999999996476,83.80000000000787,1383,9,638,73
0.244,0.9935344827586207,0.8959212376933896,7.000000000005002,31.999999999996476,84.79999999998422,1383,9,637,74
0.245,0.9935344827586207,0.8959212376933896,7.000000000005002,31.999999999996476,86.99999999998909,1383,9,637,74
0.246,0.9935344827586207,0.8959212376933896,7.000000000005002,31.999999999996476,88.00000000001091,1383,9,637,74
0.247,0.9935344827586207,0.8917018284106891,7.000000000005002,32.00000000001069,88.00000000002228,1383,9,634,77
0.248,0.9935344827586207,0.8917018284106891,7.000000000005002,32.00000000003911,88.79999999995785,1383,9,634,77
0.249,0.9935344827586207,0.890295358649789,7.000000000005002,32.00000000003911,88.99999999994179,1383,9,633,78
0.25,0.9935344827586207,0.890295358649789,7.000000000005002,32.00000000003911,88.99999999998727,1383,9,633,78
0.251,0.9935344827586207,0.890295358649789,7.000000000005002,32.00000000003911,89.00000000004411,1383,9,633,78
0.252,0.9935344827586207,0.890295358649789,7.000000000005002,32.00000000003911,89.99999999999773,1383,9,633,78
0.253,0.9935344827586207,0.890295358649789,7.000000000005002,32.999999999901775,89.99999999999773,1383,9,633,78
0.254,0.9935344827586207,0.890295358649789,7.000000000005002,32.99999999995862,91.00000000000819,1383,9,633,78
0.255,0.9935344827586207,0.890295358649789,7.000000000016371,32.99999999998704,92.99999999998363,1383,9,633,78
0.256,0.9935344827586207,0.890295358649789,7.000000000016371,32.99999999998704,92.99999999998363,1383,9,633,78
0.257,0.9935344827586207,0.890295358649789,7.000000000016371,32.99999999998704,93.00000000001774,1383,9,633,78
0.258,0.9935344827586207,0.890295358649789,7.000000000016371,32.99999999998704,94.00000000003956,1383,9,633,78
0.259,0.9935344827586207,0.890295358649789,7.000000000061846,33.00000000000125,94.00000000003956,1383,9,633,78
0.26,0.9935344827586207,0.890295358649789,7.000000000061846,33.00000000000125,95.0000000000216,1383,9,633,78
0.261,0.9935344827586207,0.890295358649789,7.000000000061846,33.00000000000125,95.79999999998559,1383,9,633,78
0.262,0.9935344827586207,0.8888888888888888,7.000000000061846,33.00000000000125,95.99999999999795,1383,9,632,79
0.263,0.9935344827586207,0.8888888888888888,7.999999999924512,33.00000000001546,96.00000000000364,1383,9,632,79
0.264,0.9935344827586207,0.8874824191279888,7.999999999924512,33.00000000001546,97.00000000007094,1383,9,631,80
0.265,0.9935344827586207,0.8874824191279888,7.999999999924512,33.00000000001546,97.79999999998377,1383,9,631,80
0.266,0.992816091954023,0.8874824191279888,7.999999999924512,33.00000000001546,97.99999999999471,1382,10,631,80
0.267,0.992816091954023,0.8874824191279888,7.999999999924512,33.00000000001546,97.99999999999471,1382,10,631,80
0.268,0.992816091954023,0.8860759493670886,7.999999999924512,33.00000000001546,98.89999999999768,1382,10,630,81
0.269,0.992816091954023,0.8860759493670886,7.999999999924512,33.00000000001546,99.89999999999392,1382,10,630,81
0.27,0.992816091954023,0.8818565400843882,7.999999999924512,33.00000000001546,100.8999999999987,1382,10,627,84
0.271,0.992816091954023,0.8804500703234881,7.999999999924512,33.50000000000364,100.99999999999909,1382,10,626,85
0.272,0.992816091954023,0.8790436005625879,7.999999999924512,33.999999999991815,101.8999999999779,1382,10,625,86
0.273,0.992816091954023,0.8762306610407876,7.999999999981355,33.999999999991815,102.0000000000266,1382,10,623,88
0.274,0.992816091954023,0.8762306610407876,7.999999999981355,33.999999999991815,103.90000000003292,1382,10,623,88
0.275,0.992816091954023,0.8748241912798875,7.999999999981355,33.99999999999537,105.00000000001677,1382,10,622,89
0.276,0.992816091954023,0.8748241912798875,7.999999999981355,33.99999999999892,105.899999999997,1382,10,622,89
0.277,0.992816091954023,0.8748241912798875,7.999999999981355,34.000000000010466,106.89999999997335,1382,10,622,89
0.278,0.992816091954023,0.8748241912798875,7.999999999981355,34.50000000000841,106.99999999999648,1382,10,622,89
0.279,0.992816091954023,0.8720112517580872,7.999999999981355,34.99999999996817,106.99999999999932,1382,10,620,91
0.28,0.992816091954023,0.8720112517580872,7.999999999981355,34.99999999999659,106.99999999999932,1382,10,620,91
0.281,0.992816091954023,0.869198312236287,7.999999999981355,34.99999999999659,107.99999999999841,1382,10,618,93
0.282,0.992816091954023,0.8663853727144867,7.999999999981355,35.00000000000192,107.99999999999841,1382,10,616,95
0.283,0.992816091954023,0.8621659634317862,7.999999999981355,35.00000000001435,110.00000000001364,1382,10,613,98
0.284,0.992816091954023,0.8621659634317862,7.999999999981355,35.000000000081855,113.9000000000296,1382,10,613,98
0.285,0.992816091954023,0.8621659634317862,7.999999999981355,35.50000000001319,115.8999999999879,1382,10,613,98
0.286,0.992816091954023,0.8607594936708861,7.999999999981355,35.99999999994452,115.99999999999824,1382,10,612,99
0.287,0.992816091954023,0.8593530239099859,7.999999999981355,35.99999999994452,119.70000000001191,1382,10,611,100
0.288,0.992816091954023,0.8565400843881856,7.999999999981355,35.99999999994452,120.00000000000455,1382,10,609,102
0.289,0.992816091954023,0.8551336146272855,7.999999999981355,35.99999999997294,120.00000000000455,1382,10,608,103
0.29,0.992816091954023,0.8551336146272855,7.999999999981355,36.000000000001364,120.00000000000455,1382,10,608,103
0.291,0.992816091954023,0.8551336146272855,7.999999999981355,36.000000000001364,120.00000000000455,1382,10,608,103
0.292,0.992816091954023,0.8537271448663853,7.999999999981355,36.000000000029786,122.89999999998722,1382,10,607,104
0.293,0.992816091954023,0.849507735583685,7.999999999983132,36.49999999998954,122.99999999999925,1382,10,604,107
0.294,0.992816091954023,0.849507735583685,8.000000000000007,36.99999999997772,124.80000000000021,1382,10,604,107
0.295,0.992816091954023,0.849507735583685,8.000000000000007,36.99999999997772,126.89999999996652,1382,10,604,107
0.296,0.992816091954023,0.849507735583685,8.000000000000274,37.00000000000614,127.89999999998835,1382,10,604,107
0.297,0.992816091954023,0.8466947960618847,8.000000000000274,37.00000000000614,128.79999999996716,1382,10,602,109
0.298,0.992816091954023,0.8452883263009845,8.000000000000274,37.00000000002035,129.00000000001626,1382,10,601,110
0.299,0.992816091954023,0.8438818565400844,8.000000000003382,37.00000000003456,129.00000000001626,1382,10,600,111
0.3,0.992816091954023,0.8438818565400844,8.000000000003382,37.00000000003456,129.99999999999545,1382,10,600,111
0.301,0.992816091954023,0.8424753867791842,8.000000000003382,37.00000000003456,129.99999999999545,1382,10,599,112
0.302,0.992816091954023,0.8396624472573839,8.000000000003382,37.9999999999896,130.00000000000185,1382,10,597,114
0.303,0.992816091954023,0.8382559774964838,8.000000000003382,38.00000000000736,132.9000000000055,1382,10,596,115
0.304,0.992816091954023,0.8382559774964838,8.000000000009777,38.000000000010914,134.00000000001455,1382,10,596,115
0.305,0.992816091954023,0.8382559774964838,8.000000000009777,38.000000000010914,135.00000000004775,1382,10,596,115
0.306,0.992816091954023,0.8382559774964838,8.00000000001262,38.000000000010914,135.90000000002655,1382,10,596,115
0.307,0.992816091954023,0.8382559774964838,8.00000000001262,38.000000000010914,136.00000000007526,1382,10,596,115
0.308,0.992816091954023,0.8354430379746836,8.00000000001262,38.000000000010914,136.9000000000086,1382,10,594,117
0.309,0.992816091954023,0.8340365682137834,8.00000000001262,38.000000000010914,137.89999999997926,1382,10,593,118
0.31,0.992816091954023,0.8326300984528833,8.000000000038199,38.000000000010914,138.8999999999556,1382,10,592,119
0.311,0.992816091954023,0.8326300984528833,8.000000000038199,38.000000000010914,139.00000000000432,1382,10,592,119
0.312,0.992816091954023,0.8312236286919831,8.000000000038199,38.99999999998727,139.00000000000432,1382,10,591,120
0.313,0.992816091954023,0.8284106891701828,8.000000000038199,38.99999999998727,139.8999999999888,1382,10,589,122
0.314,0.9920977011494253,0.8284106891701828,8.000000000038199,38.99999999998727,139.99999999998636,1381,11,589,122
0.315,0.9920977011494253,0.8270042194092827,8.000000000038199,38.99999999998727,139.99999999998636,1381,11,588,123
0.316,0.9920977011494253,0.8255977496483825,8.999999999957708,38.99999999998727,144.0000000000001,1381,11,587,124
0.317,0.9920977011494253,0.8255977496483825,8.999999999957708,39.00000000000148,147.0000000000482,1381,11,587,124
0.318,0.9920977011494253,0.8255977496483825,8.999999999999453,39.00000000001569,148.00000000002456,1381,11,587,124
0.319,0.9913793103448276,0.8227848101265823,8.99999999999812,39.00000000004411,151.99999999998823,1380,12,585,126
0.32,0.9913793103448276,0.819971870604782,9.000000000000252,39.99999999997783,152.0999999999917,1380,12,583,128
0.321,0.9913793103448276,0.819971870604782,9.000000000000252,39.99999999999204,153.10000000001813,1380,12,583,128
0.322,0.9913793103448276,0.819971870604782,9.000000000000252,39.99999999999204,154.09999999999982,1380,12,583,128
0.323,0.9913793103448276,0.819971870604782,9.000000000000252,39.99999999999204,155.09999999999286,1380,12,583,128
0.324,0.9913793103448276,0.8185654008438819,9.000000000000252,39.99999999999204,157.09999999993173,1380,12,582,129
0.325,0.9913793103448276,0.8185654008438819,9.00000000001313,39.99999999999915,160.09999999997163,1380,12,582,129
0.326,0.9913793103448276,0.8185654008438819,9.000000000014552,40.000000000020464,160.09999999997163,1380,12,582,129
0.327,0.9913793103448276,0.8171589310829818,9.000000000014552,40.000000000048885,161.09999999999914,1380,12,581,130
0.328,0.9913793103448276,0.8171589310829818,9.000000000014552,40.00000000007731,164.0999999999879,1380,12,581,130
0.329,0.9913793103448276,0.8129395218002813,9.000000000014552,40.99999999993997,164.0999999999879,1380,12,578,133
0.33,0.9913793103448276,0.8087201125175809,9.000000000014552,40.99999999993997,166.0999999999946,1380,12,575,136
0.331,0.9913793103448276,0.8030942334739803,9.000000000014552,40.999999999968395,166.0999999999946,1380,12,571,140
0.332,0.9913793103448276,0.8016877637130801,9.000000000014552,40.99999999999682,166.0999999999946,1380,12,570,141
0.333,0.9913793103448276,0.8002812939521801,9.000000000014552,40.99999999999682,166.99999999997885,1380,12,569,142
0.334,0.9913793103448276,0.8002812939521801,9.000000000014552,40.99999999999682,166.99999999997885,1380,12,569,142
0.335,0.9913793103448276,0.8002812939521801,9.000000000014552,40.99999999999682,166.99999999997885,1380,12,569,142
0.336,0.9913793103448276,0.8002812939521801,9.899999999993275,41.000000000026574,168.20000000000618,1380,12,569,142
0.337,0.9913793103448276,0.7988748241912799,9.899999999993275,41.99999999997317,170.20000000000152,1380,12,568,143
0.338,0.9913793103448276,0.7988748241912799,9.899999999993275,42.0000000000007,170.20000000000152,1380,12,568,143
0.339,0.9913793103448276,0.7974683544303798,9.899999999993275,42.00000000000159,170.20000000000152,1380,12,567,144
0.34,0.9913793103448276,0.7974683544303798,9.999999999990905,42.00000000000159,174.9999999999858,1380,12,567,144
0.341,0.9913793103448276,0.7974683544303798,9.999999999990905,42.0000000000158,175.0000000000682,1380,12,567,144
0.342,0.9913793103448276,0.7960618846694796,9.999999999990905,42.9999999999886,175.0000000000682,1380,12,566,145
0.343,0.9913793103448276,0.7946554149085795,9.999999999990905,43.00000000000637,175.0000000000682,1380,12,565,146
0.344,0.9913793103448276,0.7946554149085795,9.999999999990905,43.00000000000637,175.0000000000682,1380,12,565,146
0.345,0.9913793103448276,0.7918424753867792,9.999999999990905,43.00000000000637,175.0000000000682,1380,12,563,148
0.346,0.9913793103448276,0.7918424753867792,9.999999999990905,43.00000000000637,175.0000000000682,1380,12,563,148
0.347,0.9913793103448276,0.7918424753867792,9.999999999990905,43.00000000000637,175.100000000066,1380,12,563,148
0.348,0.9913793103448276,0.790436005625879,9.999999999990905,43.00000000000637,176.10000000004055,1380,12,562,149
0.349,0.9913793103448276,0.790436005625879,9.999999999990905,43.99999999998272,177.2000000000033,1380,12,562,149
0.35,0.9913793103448276,0.7890295358649789,9.999999999990905,43.99999999998272,177.2000000000033,1380,12,561,150
0.351,0.9913793103448276,0.7890295358649789,9.999999999990905,43.99999999998272,177.2000000000033,1380,12,561,150
0.352,0.9913793103448276,0.7862165963431786,9.999999999990905,43.99999999998272,179.00000000000205,1380,12,559,152
0.353,0.9913793103448276,0.7848101265822784,9.999999999990905,43.99999999998272,179.00000000000205,1380,12,558,153
0.354,0.9913793103448276,0.7834036568213784,9.999999999990905,43.9999999999916,179.00000000000205,1380,12,557,154
0.355,0.9913793103448276,0.7819971870604782,9.999999999990905,44.000000000067985,179.00000000000205,1380,12,556,155
0.356,0.9913793103448276,0.7805907172995781,9.999999999990905,44.000000000096406,179.00000000000205,1380,12,555,156
0.357,0.9913793103448276,0.7805907172995781,9.999999999990905,44.9999999999946,179.09999999999698,1380,12,555,156
0.358,0.9913793103448276,0.7805907172995781,9.999999999990905,45.000000000001705,180.00000000000043,1380,12,555,156
0.359,0.9913793103448276,0.7805907172995781,9.999999999990905,45.000000000015916,180.20000000000806,1380,12,555,156
0.36,0.9913793103448276,0.7805907172995781,9.999999999990905,45.00000000007276,183.0999999999962,1380,12,555,156
0.361,0.9913793103448276,0.7791842475386779,9.999999999990905,45.500000000032514,183.0999999999962,1380,12,554,157
0.362,0.9913793103448276,0.7791842475386779,9.999999999990905,45.99999999999227,185.00000000000227,1380,12,554,157
0.363,0.9913793103448276,0.7763713080168776,9.999999999990905,45.99999999999227,185.00000000000227,1380,12,552,159
0.364,0.9913793103448276,0.7749648382559775,9.999999999990905,45.99999999999227,185.10000000000574,1380,12,551,160
0.365,0.9913793103448276,0.7735583684950773,9.999999999990905,45.99999999999227,186.10000000003325,1380,12,550,161
0.366,0.9913793103448276,0.7721518987341772,9.999999999990905,45.99999999999582,187.1000000000096,1380,12,549,162
0.367,0.9913793103448276,0.7721518987341772,9.999999999990905,46.00000000004911,187.1000000000096,1380,12,549,162
0.368,0.9913793103448276,0.770745428973277,9.999999999990905,46.00000000004911,187.99999999998818,1380,12,548,163
0.369,0.9913793103448276,0.770745428973277,9.999999999990905,46.00000000004911,187.99999999998818,1380,12,548,163
0.37,0.9913793103448276,0.7693389592123769,9.999999999990905,46.499999999980446,189.099999999968,1380,12,547,164
0.371,0.9913793103448276,0.7693389592123769,9.999999999990905,46.499999999980446,190.19999999999897,1380,12,547,164
0.372,0.9913793103448276,0.7693389592123769,9.999999999990905,46.9999999999402,192.99999999998363,1380,12,547,164
0.373,0.9913793103448276,0.7693389592123769,9.999999999990905,46.99999999996862,193.0999999999853,1380,12,547,164
0.374,0.9913793103448276,0.7665260196905767,9.999999999990905,46.99999999996862,193.0999999999853,1380,12,545,166
0.375,0.9913793103448276,0.7665260196905767,9.999999999990905,46.99999999998283,193.99999999999906,1380,12,545,166
0.376,0.9913793103448276,0.7651195499296765,9.999999999990905,46.999999999997044,193.99999999999906,1380,12,544,167
0.377,0.9913793103448276,0.7651195499296765,9.99999999999961,46.999999999997044,193.99999999999906,1380,12,544,167
0.378,0.9913793103448276,0.7609001406469761,9.999999999999787,46.999999999997044,194.1999999999996,1380,12,541,170
0.379,0.9913793103448276,0.7566807313642757,9.999999999999787,47.00000000001303,196.000000000004,1380,12,538,173
0.38,0.9913793103448276,0.7552742616033755,10.000000000000187,47.000000000025466,201.09999999999403,1380,12,537,174
0.381,0.9913793103448276,0.7538677918424754,10.000000000000187,47.000000000025466,201.09999999999403,1380,12,536,175
0.382,0.9913793103448276,0.7538677918424754,10.000000000000187,47.000000000025466,202.09999999999596,1380,12,536,175
0.383,0.9913793103448276,0.7510548523206751,10.000000000000231,48.00000000000093,204.20000000000897,1380,12,534,177
0.384,0.9913793103448276,0.7510548523206751,10.000000000000231,48.00000000000182,206.10000000001506,1380,12,534,177
0.385,0.9913793103448276,0.7510548523206751,10.000000000004627,48.00000000000182,206.10000000001506,1380,12,534,177
0.386,0.9913793103448276,0.7482419127988749,10.000000000004627,48.00000000000182,207.99999999997567,1380,12,532,179
0.387,0.9913793103448276,0.7426160337552743,10.999999999967258,48.00000000000182,208.10000000002177,1380,12,528,183
0.388,0.9913793103448276,0.7412095639943741,10.999999999967258,48.00000000000182,209.09999999999457,1380,12,527,184
0.389,0.9913793103448276,0.739803094233474,10.999999999967258,48.00000000000182,210.20000000003193,1380,12,526,185
0.39,0.9913793103448276,0.739803094233474,10.999999999967258,48.00000000000182,210.20000000003193,1380,12,526,185
0.391,0.9913793103448276,0.7369901547116737,10.999999999967258,48.99999999997817,210.20000000003193,1380,12,524,187
0.392,0.9913793103448276,0.7369901547116737,10.999999999967258,48.99999999997817,210.20000000003193,1380,12,524,187
0.393,0.9913793103448276,0.7327707454289732,10.999999999967258,49.000000000006594,212.29999999999092,1380,12,521,190
0.394,0.9913793103448276,0.7313642756680732,10.999999999967258,49.000000000006594,215.00000000000625,1380,12,520,191
0.395,0.9913793103448276,0.7313642756680732,10.999999999992838,49.49999999999477,215.00000000000625,1380,12,520,191
0.396,0.9913793103448276,0.7313642756680732,10.99999999999568,49.999999999954525,216.10000000000596,1380,12,520,191
0.397,0.9913793103448276,0.7313642756680732,10.99999999999568,50.00000000000426,217.09999999998658,1380,12,520,191
0.398,0.9906609195402298,0.7313642756680732,10.99999999999568,50.00000000001137,216.2000000000035,1379,13,520,191
0.399,0.9906609195402298,0.7285513361462729,10.99999999999568,51.00000000000193,216.2000000000035,1379,13,518,193
0.4,0.9906609195402298,0.7271448663853727,10.99999999999568,51.999999999964075,218.00000000001774,1379,13,517,194
0.401,0.9906609195402298,0.7271448663853727,10.99999999999568,51.9999999999996,220.19999999999845,1379,13,517,194
0.402,0.9906609195402298,0.7229254571026723,10.99999999999568,52.00000000002092,222.40000000007862,1379,13,514,197
0.403,0.9906609195402298,0.7187060478199718,10.99999999999568,52.99999999999727,226.19999999999442,1379,13,511,200
0.404,0.9906609195402298,0.7172995780590717,10.99999999999568,52.99999999999727,226.99999999998042,1379,13,510,201
0.405,0.9906609195402298,0.7172995780590717,10.99999999999568,54.00000000000027,226.99999999998042,1379,13,510,201
0.406,0.9906609195402298,0.7144866385372715,10.99999999999568,54.99999999999261,230.20000000000215,1379,13,508,203
0.407,0.9906609195402298,0.7144866385372715,11.000000000002075,55.00000000000682,234.19999999998714,1379,13,508,203
0.408,0.9906609195402298,0.7144866385372715,11.799999999955457,55.999999999983174,234.19999999998714,1379,13,508,203
0.409,0.9906609195402298,0.7130801687763713,11.999999999943611,55.999999999983174,235.00000000001364,1379,13,507,204
0.41,0.9906609195402298,0.7130801687763713,11.999999999999744,56.00000000004002,235.00000000001364,1379,13,507,204
0.411,0.9906609195402298,0.7116736990154712,11.999999999999744,56.99999999998795,235.20000000000897,1379,13,506,205
0.412,0.9906609195402298,0.7116736990154712,11.999999999999744,57.999999999992724,235.99999999999,1379,13,506,205
0.413,0.9906609195402298,0.710267229254571,12.000000000000455,57.999999999992724,236.00000000000136,1379,13,505,206
0.414,0.9906609195402298,0.7088607594936709,12.799999999992917,57.999999999992724,236.2000000000308,1379,13,504,207
0.415,0.9906609195402298,0.7046413502109705,12.999999999976808,57.99999999999983,236.2000000000308,1379,13,501,210
0.416,0.9906609195402298,0.7018284106891702,12.999999999976808,58.00000000000027,237.19999999997304,1379,13,499,212
0.417,0.9906609195402298,0.70042194092827,12.999999999976808,58.9999999999975,240.60000000000642,1379,13,498,213
0.418,0.9906609195402298,0.70042194092827,12.999999999976808,60.000000000002274,242.999999999995,1379,13,498,213
0.419,0.9906609195402298,0.70042194092827,12.999999999976808,60.000000000002274,243.99999999993156,1379,13,498,213
0.42,0.9906609195402298,0.6976090014064698,12.999999999999545,60.99999999997863,243.99999999993156,1379,13,496,215
0.421,0.9906609195402298,0.6976090014064698,12.999999999999545,61.00000000003547,243.99999999993156,1379,13,496,215
0.422,0.9906609195402298,0.6976090014064698,13.00000000000523,62.99999999998818,244.20000000000078,1379,13,496,215
0.423,0.9899425287356322,0.6962025316455697,13.00000000000523,62.99999999999528,244.30000000000115,1378,14,495,216
0.424,0.9899425287356322,0.6947960618846695,13.00000000000523,62.99999999999528,244.30000000000115,1378,14,494,217
0.425,0.9899425287356322,0.6933895921237694,13.00000000000523,63.00000000000949,245.3000000000315,1378,14,493,218
0.426,0.9899425287356322,0.6933895921237694,13.00000000000523,63.99999999996453,245.3000000000315,1378,14,493,218
0.427,0.9899425287356322,0.6933895921237694,13.00000000000523,64.00000000000006,247.30000000002968,1378,14,493,218
0.428,0.9899425287356322,0.6947960618846695,13.00000000000523,64.00000000002137,247.99999999995066,1378,14,494,217
0.429,0.9899425287356322,0.6947960618846695,13.000000000025125,64.50000000000955,247.99999999999898,1378,14,494,217
0.43,0.9899425287356322,0.6933895921237694,13.000000000033651,64.99999999994088,251.29999999998626,1378,14,493,218
0.431,0.9899425287356322,0.6905766526019691,13.000000000033651,64.99999999999773,253.19999999999806,1378,14,491,220
0.432,0.9899425287356322,0.6877637130801688,14.69999999999347,64.99999999999773,253.19999999999806,1378,14,489,222
0.433,0.9899425287356322,0.6863572433192686,14.999999999986358,66.9999999999753,253.19999999999806,1378,14,488,223
0.434,0.9899425287356322,0.6863572433192686,14.999999999986358,67.00000000000372,255.99999999998033,1378,14,488,223
0.435,0.9899425287356322,0.6849507735583685,14.999999999986358,67.99999999998363,256.6000000000115,1378,14,487,224
0.436,0.9892241379310345,0.6849507735583685,14.999999999994884,67.99999999998363,258.3999999999834,1377,15,487,224
0.437,0.9892241379310345,0.6849507735583685,15.99999999996271,67.99999999998363,258.99999999994066,1377,15,487,224
0.438,0.9892241379310345,0.6849507735583685,15.99999999996271,68.00000000001205,259.000000000006,1377,15,487,224
0.439,0.9892241379310345,0.6821378340365682,15.99999999996271,68.99999999999994,260.40000000002135,1377,15,485,226
0.44,0.9892241379310345,0.6821378340365682,15.999999999979764,69.99999999999318,260.40000000002135,1377,15,485,226
0.441,0.9892241379310345,0.680731364275668,15.999999999995396,70.00000000005002,264.40000000000634,1377,15,484,227
0.442,0.9892241379310345,0.679324894514768,15.999999999995396,70.00000000005002,265.80000000002445,1377,15,483,228
0.443,0.9892241379310345,0.679324894514768,15.999999999999304,70.99999999996953,266.9999999999959,1377,15,483,228
0.444,0.9885057471264368,0.679324894514768,15.999999999999126,70.99999999996953,267.5000000000125,1376,16,483,228
0.445,0.9885057471264368,0.6765119549929677,15.999999999999126,70.99999999999795,268.99999999999125,1376,16,481,230
0.446,0.9885057471264368,0.6765119549929677,15.999999999999126,71.00000000001305,270.5000000000055,1376,16,481,230
0.447,0.9885057471264368,0.6765119549929677,15.999999999999126,71.50000000001455,271.4999999999961,1376,16,481,230
0.448,0.9885057471264368,0.6765119549929677,15.999999999999126,72.4999999999909,273.5000000000696,1376,16,481,230
0.449,0.9885057471264368,0.6751054852320675,15.999999999999126,72.99999999997908,275.5000000000791,1376,16,480,231
0.45,0.9885057471264368,0.6751054852320675,16.000000000009784,73.00000000000395,276.50000000003416,1376,16,480,231
0.451,0.9885057471264368,0.6736990154711674,16.000000000009784,73.00000000003593,278.49999999998687,1376,16,479,232
0.452,0.9885057471264368,0.6736990154711674,16.000000000009784,73.5000000000241,280.00000000000114,1376,16,479,232
0.453,0.9885057471264368,0.6694796061884669,16.000000000047976,73.99999999999096,281.0000000000201,1376,16,476,235
0.454,0.9870689655172413,0.6680731364275668,16.300000000035208,74.00000000000517,281.40000000002783,1374,18,475,236
0.455,0.9870689655172413,0.6652601969057665,16.300000000035208,74.00000000001228,281.40000000002783,1374,18,473,238
0.456,0.9870689655172413,0.6652601969057665,16.999999999956117,74.00000000001228,281.40000000002783,1374,18,473,238
0.457,0.9863505747126436,0.6652601969057665,16.999999999995907,74.99999999998863,281.6000000000314,1373,19,473,238
0.458,0.9863505747126436,0.6652601969057665,16.999999999995907,74.99999999998863,282.80000000002013,1373,19,473,238
0.459,0.9863505747126436,0.6610407876230661,16.999999999995907,74.99999999998863,283.7999999999965,1373,19,470,241
0.46,0.9863505747126436,0.6610407876230661,16.999999999995907,76.00000000000051,284.8000000000183,1373,19,470,241
0.461,0.9863505747126436,0.6610407876230661,16.999999999995907,76.00000000002183,285.80000000000604,1373,19,470,241
0.462,0.9863505747126436,0.6610407876230661,16.999999999995907,76.00000000002183,288.0000000000109,1373,19,470,241
0.463,0.9863505747126436,0.659634317862166,16.999999999995907,76.99999999999818,291.8000000000233,1373,19,469,242
0.464,0.9863505747126436,0.6582278481012658,17.00000000001083,76.99999999999818,291.8000000000233,1373,19,468,243
0.465,0.9863505747126436,0.6582278481012658,17.00000000005275,76.99999999999818,292.79999999996556,1373,19,468,243
0.466,0.9863505747126436,0.6568213783403657,17.20000000003667,76.99999999999818,292.79999999996556,1373,19,467,244
0.467,0.9863505747126436,0.6568213783403657,17.20000000003667,78.00000000000296,292.999999999995,1373,19,467,244
0.468,0.9863505747126436,0.6540084388185654,17.20000000003667,78.00000000003138,293.00000000000637,1373,19,465,246
0.469,0.9863505747126436,0.6526019690576652,17.20000000003667,78.99999999995089,293.7999999999874,1373,19,464,247
0.47,0.9863505747126436,0.6526019690576652,17.20000000003667,79.00000000000773,295.5999999999935,1373,19,464,247
0.471,0.9863505747126436,0.6526019690576652,18.000000000000682,79.99999999998408,297.5999999999998,1373,19,464,247
0.472,0.9863505747126436,0.6511954992967651,18.000000000006366,80.0000000000125,298.0000000000018,1373,19,463,248
0.473,0.9863505747126436,0.6511954992967651,18.000000000029104,80.99999999996044,298.0000000000018,1373,19,463,248
0.474,0.9863505747126436,0.6511954992967651,18.000000000029104,81.99999999999363,300.3999999999904,1373,19,463,248
0.475,0.985632183908046,0.6511954992967651,18.100000000026732,82.50000000001023,298.0000000000018,1372,20,463,248
0.476,0.985632183908046,0.6511954992967651,19.000000000005457,83.500000000015,298.0000000000018,1372,20,463,248
0.477,0.985632183908046,0.6483825597749648,19.000000000005457,85.00000000000085,300.6999999999894,1372,20,461,250
0.478,0.985632183908046,0.6483825597749648,19.000000000005457,85.00000000002217,300.6999999999894,1372,20,461,250
0.479,0.985632183908046,0.6483825597749648,19.000000000005457,85.00000000003638,300.9999999999877,1372,20,461,250
0.48,0.985632183908046,0.6483825597749648,19.000000000005457,86.99999999998909,300.9999999999877,1372,20,461,250
0.481,0.985632183908046,0.6469760900140648,19.000000000005457,86.99999999998909,300.9999999999877,1372,20,460,251
0.482,0.985632183908046,0.6455696202531646,19.000000000005457,86.99999999998909,302.00000000000244,1372,20,459,252
0.483,0.985632183908046,0.6455696202531646,19.000000000005457,87.99999999996544,305.60000000000184,1372,20,459,252
0.484,0.985632183908046,0.6455696202531646,19.99999999998181,88.0000000000507,306.0000000000105,1372,20,459,252
0.485,0.985632183908046,0.6441631504922645,19.99999999998323,88.0000000000507,306.8999999999904,1372,20,458,253
0.486,0.985632183908046,0.6427566807313643,19.99999999998323,88.99999999997021,307.00000000001353,1372,20,457,254
0.487,0.985632183908046,0.6427566807313643,19.99999999999602,88.99999999999864,309.9000000000019,1372,20,457,254
0.488,0.985632183908046,0.6427566807313643,19.99999999999602,89.49999999999392,310.00000000005343,1372,20,457,254
0.489,0.9849137931034483,0.6427566807313643,19.99999999999602,90.00000000003183,310.0000000000591,1371,21,457,254
0.49,0.9849137931034483,0.639943741209564,19.99999999999602,90.00000000003183,310.0000000000591,1371,21,455,256
0.491,0.9849137931034483,0.6371308016877637,19.99999999999602,91.00000000000819,312.9999999999882,1371,21,453,258
0.492,0.9849137931034483,0.6371308016877637,19.999999999999574,91.00000000000819,313.0000000000006,1371,21,453,258
0.493,0.9849137931034483,0.6357243319268636,20.999999999958163,91.99999999998454,314.9999999999977,1371,21,452,259
0.494,0.9849137931034483,0.6357243319268636,20.999999999999908,91.99999999998454,314.9999999999977,1371,21,452,259
0.495,0.9849137931034483,0.6343178621659634,20.999999999999908,92.99999999999997,319.0000000000168,1371,21,451,260
0.496,0.9849137931034483,0.6343178621659634,20.999999999999908,93.00000000007458,319.0000000000168,1371,21,451,260
0.497,0.9849137931034483,0.6343178621659634,21.999999999934516,93.99999999993724,319.0000000000168,1371,21,451,260
0.498,0.9849137931034483,0.6343178621659634,21.999999999934516,94.00000000005093,319.0000000000168,1371,21,451,260
0.499,0.9849137931034483,0.6343178621659634,21.999999999934516,94.99999999999886,320.0000000000074,1371,21,451,260
0.5,0.9849137931034483,0.6343178621659634,22.00000000000024,95.00000000002728,320.0000000000074,1371,21,451,260
0.501,0.9849137931034483,0.6343178621659634,22.00000000000557,96.00000000000364,320.0000000000074,1371,21,451,260
0.502,0.9849137931034483,0.6329113924050633,22.000000000048203,96.00000000000364,320.00000000005,1371,21,450,261
0.503,0.9849137931034483,0.6315049226441631,22.000000000048203,96.00000000000364,321.0000000000264,1371,21,449,262
0.504,0.9849137931034483,0.6315049226441631,22.000000000048203,96.00000000000364,326.9999999999982,1371,21,449,262
0.505,0.9849137931034483,0.630098452883263,22.999999999967713,96.99999999997999,327.99999999997453,1371,21,448,263
0.506,0.9849137931034483,0.630098452883263,22.999999999996135,97.00000000003683,327.99999999997453,1371,21,448,263
0.507,0.9849137931034483,0.630098452883263,23.00000000000013,97.00000000003683,330.99999999996044,1371,21,448,263
0.508,0.9849137931034483,0.630098452883263,23.000000000024556,98.00000000001319,332.99999999997,1371,21,448,263
0.509,0.9849137931034483,0.6286919831223629,23.000000000024556,98.00000000007003,332.99999999997,1371,21,447,264
0.51,0.9849137931034483,0.6272855133614628,23.000000000024556,99.0000000000002,333.00000000002683,1371,21,446,265
0.511,0.9849137931034483,0.6258790436005626,24.00000000000091,99.00000000000375,336.00000000001273,1371,21,445,266
0.512,0.9849137931034483,0.6258790436005626,24.00000000000091,101.99999999997544,338.9999999999418,1371,21,445,266
0.513,0.9849137931034483,0.6244725738396625,24.00000000000091,102.00000000003229,340.00000000003183,1371,21,444,267
0.514,0.9849137931034483,0.6230661040787623,24.00000000000091,102.9999999999518,342.9999999999609,1371,21,443,268
0.515,0.9849137931034483,0.6230661040787623,24.00000000000091,103.00000000000864,342.9999999999609,1371,21,443,268
0.516,0.9849137931034483,0.6230661040787623,24.999999999977263,105.00000000001819,342.9999999999609,1371,21,443,268
0.517,0.9849137931034483,0.6230661040787623,24.999999999977263,105.00000000001819,342.9999999999893,1371,21,443,268
0.518,0.9849137931034483,0.6216596343178622,24.999999999977263,105.99999999999454,342.9999999999893,1371,21,442,269
0.519,0.9849137931034483,0.6216596343178622,24.999999999977263,106.99999999999932,343.00000000001774,1371,21,442,269
0.52,0.9849137931034483,0.6188466947960619,24.999999999977263,107.99999999994725,343.9999999999941,1371,21,440,271
0.521,0.9849137931034483,0.6174402250351617,24.999999999977263,108.0000000000001,343.9999999999976,1371,21,439,272
0.522,0.9849137931034483,0.6174402250351617,24.999999999977263,108.00000000000409,343.9999999999976,1371,21,439,272
0.523,0.9849137931034483,0.6174402250351617,24.999999999977263,108.99999999998045,343.9999999999976,1371,21,439,272
0.524,0.9849137931034483,0.6174402250351617,24.999999999977263,109.00000000003729,343.9999999999976,1371,21,439,272
0.525,0.9849137931034483,0.6174402250351617,24.999999999977263,110.00000000001364,344.0000000000003,1371,21,439,272
0.526,0.9849137931034483,0.6160337552742616,24.999999999977263,110.99999999999,344.0000000000003,1371,21,438,273
0.527,0.9849137931034483,0.6160337552742616,24.999999999991473,110.99999999999,349.9999999999659,1371,21,438,273
0.528,0.9849137931034483,0.6160337552742616,25.000000000005684,111.99999999996635,349.9999999999659,1371,21,438,273
0.529,0.9849137931034483,0.6160337552742616,25.000000000005684,111.99999999999832,349.9999999999659,1371,21,438,273
0.53,0.9849137931034483,0.6160337552742616,25.000000000005684,112.99999999999955,350.9999999999991,1371,21,438,273
0.531,0.9849137931034483,0.6160337552742616,25.000000000005684,112.99999999999955,351.99999999997544,1371,21,438,273
0.532,0.9849137931034483,0.6160337552742616,25.000000000005684,113.99999999999011,352.00000000000387,1371,21,438,273
0.533,0.9849137931034483,0.6146272855133614,25.000000000034106,113.99999999999011,352.0000000000323,1371,21,437,274
0.534,0.9849137931034483,0.6146272855133614,25.000000000034106,114.00000000003274,352.0000000000323,1371,21,437,274
0.535,0.9841954022988506,0.6146272855133614,25.899999999961672,114.4999999999925,355.99999999999454,1370,22,437,274
0.536,0.9841954022988506,0.6118143459915611,25.899999999961672,115.0000000000091,355.9999999999974,1370,22,435,276
0.537,0.9841954022988506,0.6118143459915611,25.999999999953616,115.99999999998545,358.0000000000041,1370,22,435,276
0.538,0.9841954022988506,0.6075949367088608,25.999999999953616,116.9999999999618,358.0000000000041,1370,22,432,279
0.539,0.9841954022988506,0.6033755274261603,25.999999999953616,117.00000000000443,358.0000000000041,1370,22,429,282
0.54,0.9841954022988506,0.6019690576652602,25.999999999953616,117.50000000000682,358.99999999998045,1370,22,428,283
0.541,0.9841954022988506,0.5991561181434599,25.999999999953616,118.00000000003763,358.99999999998045,1370,22,426,285
0.542,0.9841954022988506,0.5991561181434599,25.999999999953616,118.50000000004002,362.99999999999966,1370,22,426,285
0.543,0.9841954022988506,0.5949367088607594,25.999999999995183,119.50000000000216,362.99999999999966,1370,22,423,288
0.544,0.9841954022988506,0.5935302390998594,25.999999999995183,120.00000000000455,362.99999999999966,1370,22,422,289
0.545,0.9841954022988506,0.5921237693389592,25.999999999995183,120.00000000000455,363.100000000001,1370,22,421,290
0.546,0.9834770114942529,0.5879043600562588,26.000000000008328,120.00000000000455,367.5999999999932,1369,23,418,293
0.547,0.9834770114942529,0.5879043600562588,26.000000000055934,121.00000000000932,370.60000000000184,1369,23,418,293
0.548,0.9834770114942529,0.5879043600562588,26.799999999957446,121.00000000000932,373.19999999999715,1369,23,418,293
0.549,0.9834770114942529,0.5879043600562588,26.799999999957446,122.0000000000141,376.9999999999584,1369,23,418,293
0.55,0.9834770114942529,0.5864978902953587,26.799999999957446,122.9999999999336,376.9999999999868,1369,23,417,294
0.551,0.9834770114942529,0.5864978902953587,26.999999999975444,122.99999999999756,381.20000000000124,1369,23,417,294
0.552,0.9834770114942529,0.5864978902953587,27.00000000003797,125.0,381.20000000000124,1369,23,417,294
0.553,0.9834770114942529,0.5850914205344585,27.00000000003797,125.0,381.20000000000124,1369,23,416,295
0.554,0.9834770114942529,0.5836849507735584,27.00000000003797,125.99999999997635,382.800000000009,1369,23,415,296
0.555,0.9834770114942529,0.5822784810126582,27.000000000043656,125.99999999999767,386.40000000001476,1369,23,414,297
0.556,0.9834770114942529,0.5822784810126582,27.999999999951797,126.00000000000477,389.9999999999892,1369,23,414,297
0.557,0.9834770114942529,0.5808720112517581,27.999999999963165,126.00000000000477,393.2000000000003,1369,23,413,298
0.558,0.9834770114942529,0.5808720112517581,28.00000000002001,126.00000000000477,393.2000000000003,1369,23,413,298
0.559,0.9834770114942529,0.5808720112517581,28.800000000001102,126.9999999999527,393.9999999999998,1369,23,413,298
0.56,0.9834770114942529,0.5794655414908579,28.999999999996362,126.99999999999534,393.9999999999998,1369,23,412,299
0.561,0.9827586206896551,0.5766526019690577,29.999999999972715,126.99999999997402,396.00000000003206,1368,24,410,301
0.562,0.9827586206896551,0.5752461322081576,29.999999999972715,127.000000000006,397.2999999999771,1368,24,409,302
0.563,0.9827586206896551,0.5724331926863573,29.999999999972715,128.0000000000001,399.60000000000366,1368,24,407,304
0.564,0.9827586206896551,0.5724331926863573,29.999999999972715,128.5000000000025,399.60000000000366,1368,24,407,304
0.565,0.9827586206896551,0.5710267229254571,29.999999999972715,129.0000000000191,401.00000000001046,1368,24,406,305
0.566,0.9827586206896551,0.569620253164557,29.999999999999005,129.99999999999545,401.00000000001046,1368,24,405,306
0.567,0.9827586206896551,0.569620253164557,30.000000000001137,130.9999999999718,401.00000000001046,1368,24,405,306
0.568,0.9827586206896551,0.5682137834036568,30.000000000001137,131.00000000000023,401.00000000001046,1368,24,404,307
0.569,0.9827586206896551,0.5682137834036568,30.000000000001137,132.49999999996476,401.00000000001046,1368,24,404,307
0.57,0.9827586206896551,0.5682137834036568,30.000000000001137,132.99999999995293,401.00000000001046,1368,24,404,307
0.571,0.9827586206896551,0.5668073136427567,30.000000000060822,133.000000000024,404.99999999998124,1368,24,403,308
0.572,0.9827586206896551,0.5668073136427567,30.000000000060822,134.999999999998,407.2999999999524,1368,24,403,308
0.573,0.9827586206896551,0.5668073136427567,30.699999999990286,134.999999999998,410.5999999999908,1368,24,403,308
0.574,0.9834770114942529,0.5654008438818565,30.799999999976546,135.99999999996726,412.99999999999955,1369,23,402,309
0.575,0.9834770114942529,0.5654008438818565,31.00000000000307,137.00000000000045,412.99999999999955,1369,23,402,309
0.576,0.9834770114942529,0.5625879043600562,31.00000000000307,137.00000000000045,413.20000000000624,1369,23,400,311
0.577,0.9834770114942529,0.5625879043600562,31.00000000000591,138.00000000003365,413.20000000000624,1369,23,400,311
0.578,0.9834770114942529,0.5625879043600562,31.00000000000591,138.99999999995316,413.20000000000624,1369,23,400,311
0.579,0.9834770114942529,0.5625879043600562,31.00000000000591,140.9999999999627,416.39999999999884,1369,23,400,311
0.58,0.9834770114942529,0.5611814345991561,31.00000000000591,142.00000000005275,418.60000000000366,1369,23,399,312
0.581,0.9834770114942529,0.5611814345991561,31.79999999994153,144.00000000000546,425.20000000005217,1369,23,399,312
0.582,0.9827586206896551,0.5541490857946554,31.699999999949586,145.00000000003865,426.2999999999976,1368,24,394,317
0.583,0.9827586206896551,0.5541490857946554,31.999999999965212,145.50000000002683,427.79999999999177,1368,24,394,317
0.584,0.9827586206896551,0.549929676511955,31.999999999982265,146.99999999999136,427.79999999999177,1368,24,391,320
0.585,0.9827586206896551,0.5485232067510548,31.999999999982265,146.99999999999847,432.5999999999921,1368,24,390,321
0.586,0.9827586206896551,0.5485232067510548,31.999999999992212,147.50000000000796,436.8999999999743,1368,24,390,321
0.587,0.9827586206896551,0.5485232067510548,31.999999999998963,148.00000000001035,440.6000000000232,1368,24,390,321
0.588,0.9827586206896551,0.5443037974683544,31.999999999998963,149.0000000000009,441.9999999999675,1368,24,387,324
0.589,0.9827586206896551,0.5443037974683544,32.000000000002515,149.0000000000009,443.99999999996,1368,24,387,324
0.59,0.9827586206896551,0.5443037974683544,32.000000000002515,149.99999999999147,443.999999999972,1368,24,387,324
0.591,0.9827586206896551,0.5443037974683544,32.00000000002845,150.50000000000807,445.3000000000354,1368,24,387,324
0.592,0.9827586206896551,0.5428973277074542,32.00000000003911,151.9999999999868,446.0000000000264,1368,24,386,325
0.593,0.9827586206896551,0.5428973277074542,32.00000000003911,151.99999999999835,447.2999999999956,1368,24,386,325
0.594,0.9827586206896551,0.540084388185654,32.00000000003911,151.99999999999835,448.5999999999648,1368,24,384,327
0.595,0.9827586206896551,0.540084388185654,32.999999999995744,152.00000000002944,452.60000000000093,1368,24,384,327
0.596,0.9827586206896551,0.5386779184247539,33.00000000000099,152.99999999997738,452.60000000000093,1368,24,383,328
0.597,0.9827586206896551,0.5372714486638537,33.00000000000099,153.00000000001023,452.60000000000093,1368,24,382,329
0.598,0.9827586206896551,0.5344585091420534,33.999999999991815,153.00000000001023,455.60000000000673,1368,24,380,331
0.599,0.9827586206896551,0.5330520393811533,33.999999999991815,153.99999999999812,455.60000000000673,1368,24,379,332
0.6,0.9827586206896551,0.5330520393811533,33.999999999991815,154.4999999999863,455.60000000000673,1368,24,379,332
0.601,0.9827586206896551,0.5330520393811533,33.999999999991815,155.00000000001535,455.60000000000673,1368,24,379,332
0.602,0.9827586206896551,0.5316455696202531,33.999999999991815,155.00000000001535,457.9999999999984,1368,24,378,333
0.603,0.9827586206896551,0.530239099859353,33.999999999991815,156.0000000000059,457.9999999999984,1368,24,377,334
0.604,0.9827586206896551,0.5288326300984529,33.999999999991815,157.0000000000391,457.9999999999984,1368,24,376,335
0.605,0.9827586206896551,0.5288326300984529,33.999999999991815,158.00000000000125,459.99999999998806,1368,24,376,335
0.606,0.9827586206896551,0.5274261603375527,33.99999999999679,159.9999999999966,459.99999999998806,1368,24,375,336
0.607,0.9827586206896551,0.5274261603375527,33.999999999999545,160.0000000000108,461.9999999999912,1368,24,375,336
0.608,0.9827586206896551,0.5218002812939522,34.00000000001411,160.49999999998477,462.29999999998694,1368,24,371,340
0.609,0.9827586206896551,0.5203938115330521,34.00000000001411,161.99999999998838,463.29999999997534,1368,24,370,341
0.61,0.9827586206896551,0.5189873417721519,35.000000000056275,161.99999999998838,463.29999999997534,1368,24,369,342
0.611,0.9827586206896551,0.5189873417721519,35.000000000056275,163.0000000000109,469.4000000000056,1368,24,369,342
0.612,0.9827586206896551,0.5175808720112518,35.000000000056275,163.4999999999991,469.4000000000056,1368,24,368,343
0.613,0.9827586206896551,0.5161744022503516,35.000000000056275,163.99999999998727,475.60000000000844,1368,24,367,344
0.614,0.9827586206896551,0.5161744022503516,35.000000000056275,163.99999999998727,476.9999999999829,1368,24,367,344
0.615,0.9827586206896551,0.5161744022503516,35.699999999985735,164.0000000000299,477.00000000000995,1368,24,367,344
0.616,0.9827586206896551,0.5161744022503516,35.699999999985735,164.99999999996362,477.99999999996885,1368,24,367,344
0.617,0.9827586206896551,0.5161744022503516,35.99999999998431,165.99999999999682,477.99999999996885,1368,24,367,344
0.618,0.9827586206896551,0.5161744022503516,36.00000000005821,166.99999999997317,479.29999999998637,1368,24,367,344
0.619,0.9827586206896551,0.5133614627285513,36.69999999996209,167.0000000000158,482.49999999999295,1368,24,365,346
0.62,0.9827586206896551,0.5133614627285513,36.69999999996209,167.49999999998977,482.49999999999295,1368,24,365,346
0.621,0.9827586206896551,0.5119549929676512,36.69999999996209,168.00000000000637,482.49999999999295,1368,24,364,347
0.622,0.9827586206896551,0.5119549929676512,36.99999999997772,168.00000000000637,486.99999999996635,1368,24,364,347
0.623,0.9827586206896551,0.5119549929676512,37.000000000026034,169.9999999999875,486.99999999996635,1368,24,364,347
0.624,0.9827586206896551,0.510548523206751,37.000000000026034,170.00000000004434,487.29999999997625,1368,24,363,348
0.625,0.9827586206896551,0.509142053445851,37.00000000003456,170.00000000004434,488.29999999997534,1368,24,362,349
0.626,0.9827586206896551,0.5077355836849508,37.00000000003456,171.00000000000315,488.99999999994463,1368,24,361,350
0.627,0.9827586206896551,0.5077355836849508,37.00000000003456,171.0000000000278,489.3000000000057,1368,24,361,350
0.628,0.9827586206896551,0.5077355836849508,37.70000000001802,172.00000000002547,491.29999999998824,1368,24,361,350
0.629,0.9827586206896551,0.5077355836849508,37.70000000001802,173.00000000000094,491.9999999999703,1368,24,361,350
0.63,0.9827586206896551,0.5063291139240507,38.000000000010914,173.00000000000182,491.9999999999703,1368,24,360,351
0.631,0.9827586206896551,0.5007032348804501,38.000000000010914,173.00000000000182,492.29999999997455,1368,24,356,355
0.632,0.9827586206896551,0.49929676511954996,38.000000000010914,174.00000000006344,492.29999999997455,1368,24,355,356
0.633,0.9827586206896551,0.49929676511954996,38.000000000010914,174.5000000000232,492.9999999999971,1368,24,355,356
0.634,0.9827586206896551,0.49929676511954996,38.000000000010914,176.00000000002325,493.2999999999758,1368,24,355,356
0.635,0.9820402298850575,0.49929676511954996,38.000000000010914,176.99999999996407,493.3999999999672,1367,25,355,356
0.636,0.9820402298850575,0.49929676511954996,38.000000000010914,177.0000000000067,495.5999999999225,1367,25,355,356
0.637,0.9820402298850575,0.4978902953586498,38.000000000010914,177.0000000000067,497.99999999995634,1367,25,354,357
0.638,0.9820402298850575,0.4978902953586498,38.000000000010914,177.00000000002092,498.8000000000115,1367,25,354,357
0.639,0.9806034482758621,0.49929676511954996,38.40000000000146,177.99999999999727,503.3999999999969,1365,27,355,356
0.64,0.9798850574712644,0.49929676511954996,38.99999999998727,178.4999999999872,503.79999999999984,1364,28,355,356
0.641,0.9798850574712644,0.49929676511954996,38.99999999998727,179.5000000000151,505.7000000000031,1364,28,355,356
0.642,0.9798850574712644,0.49929676511954996,38.99999999998727,181.49999999999977,506.6999999999937,1364,28,355,356
0.643,0.9798850574712644,0.49507735583684953,38.99999999998727,181.99999999999505,506.6999999999937,1364,28,352,359
0.644,0.9798850574712644,0.49507735583684953,38.99999999998727,186.9999999999834,506.6999999999937,1364,28,352,359
0.645,0.9798850574712644,0.49507735583684953,39.000000000024215,187.00000000001182,506.6999999999937,1364,28,352,359
0.646,0.9798850574712644,0.49507735583684953,39.000000000024215,187.5,506.6999999999937,1364,28,352,359
0.647,0.9798850574712644,0.4936708860759494,39.000000000024215,187.99999999998818,508.699999999908,1364,28,351,360
0.648,0.9798850574712644,0.4936708860759494,39.99999999999204,188.49999999998346,509.69999999996395,1364,28,351,360
0.649,0.9798850574712644,0.48945147679324896,40.000000000010516,188.99999999996453,510.0000000000108,1364,28,348,363
0.65,0.9791666666666666,0.48945147679324896,40.99999999993997,188.99999999996453,511.6000000000041,1363,29,348,363
0.651,0.9791666666666666,0.48945147679324896,40.99999999999682,189.00000000002137,511.6000000000041,1363,29,348,363
0.652,0.9791666666666666,0.48945147679324896,40.99999999999682,190.99999999991724,519.5999999999968,1363,29,348,363
0.653,0.9791666666666666,0.4880450070323488,41.000000000008185,192.00000000000728,525.5999999999883,1363,29,347,364
0.654,0.9791666666666666,0.48523206751054854,41.999999999978854,192.99999999998363,527.7999999999679,1363,29,345,366
0.655,0.9791666666666666,0.48241912798874825,41.999999999978854,193.00000000004047,527.9999999999973,1363,29,343,368
0.656,0.9791666666666666,0.47960618846694797,41.999999999978854,194.00000000007367,528.8000000000011,1363,29,341,370
0.657,0.9791666666666666,0.4781997187060478,42.99999999998363,194.99999999999318,528.8000000000011,1363,29,340,371
0.658,0.9791666666666666,0.4781997187060478,43.00000000000637,194.99999999999318,528.8000000000011,1363,29,340,371
0.659,0.9791666666666666,0.4781997187060478,43.00000000000637,196.00000000002638,531.5999999999973,1363,29,340,371
0.66,0.9791666666666666,0.4767932489451477,43.20000000000165,196.00000000002638,533.5999999999926,1363,29,339,372
0.661,0.9791666666666666,0.4767932489451477,43.99999999999409,197.00000000000273,535.0000000000136,1363,29,339,372
0.662,0.9791666666666666,0.4767932489451477,44.99999999999034,197.00000000000273,535.8000000000061,1363,29,339,372
0.663,0.9791666666666666,0.4739803094233474,44.99999999999034,199.00000000001228,536.8000000000279,1363,29,337,374
0.664,0.978448275862069,0.4739803094233474,44.999999999988916,199.00000000001228,538.8000000000178,1362,30,337,374
0.665,0.978448275862069,0.47257383966244726,45.1000000000647,199.99999999996732,541.7999999999766,1362,30,336,375
0.666,0.978448275862069,0.47257383966244726,45.99999999999227,201.99999999999906,543.799999999982,1362,30,336,375
0.667,0.978448275862069,0.469760900140647,45.99999999999298,201.99999999999906,545.0000000000657,1362,30,334,377
0.668,0.978448275862069,0.469760900140647,45.99999999999298,202.99999999997453,552.4999999999982,1362,30,334,377
0.669,0.978448275862069,0.46835443037974683,45.99999999999298,203.00000000000296,552.4999999999982,1362,30,333,378
0.67,0.978448275862069,0.46835443037974683,45.99999999999298,203.0000000000456,553.8999999999761,1362,30,333,378
0.671,0.978448275862069,0.4669479606188467,45.99999999999298,204.4999999999959,553.8999999999761,1362,30,332,379
0.672,0.978448275862069,0.46554149085794655,46.00000000000435,206.99999999999363,554.0000000000248,1362,30,331,380
0.673,0.978448275862069,0.46554149085794655,46.00000000004911,206.99999999999363,557.8999999999952,1362,30,331,380
0.674,0.978448275862069,0.4641350210970464,46.1000000000439,206.99999999999363,557.9999999999927,1362,30,330,381
0.675,0.978448275862069,0.46272855133614627,46.999999999997044,207.4999999999818,558.8999999999716,1362,30,329,382
0.676,0.978448275862069,0.46272855133614627,46.999999999997044,208.99999999997476,560.0000000000534,1362,30,329,382
0.677,0.978448275862069,0.4613220815752461,46.999999999997044,211.9999999999962,562.8999999999892,1362,30,328,383
0.678,0.978448275862069,0.4613220815752461,46.999999999997044,213.00000000000097,562.8999999999892,1362,30,328,383
0.679,0.978448275862069,0.4613220815752461,46.9999999999974,213.00000000002228,567.8999999999846,1362,30,328,383
0.68,0.978448275862069,0.459915611814346,47.000000000003084,213.9999999999702,567.8999999999846,1362,30,327,384
0.681,0.978448275862069,0.459915611814346,47.100000000022916,215.00000000003183,569.7999999999938,1362,30,327,384
0.682,0.9777298850574713,0.4571026722925457,48.00000000000182,216.99999999998454,569.9999999999932,1361,31,325,386
0.683,0.9777298850574713,0.45569620253164556,48.00000000000182,216.99999999998454,569.9999999999932,1361,31,324,387
0.684,0.9777298850574713,0.45569620253164556,48.00000000000182,217.99999999999997,571.0000000000264,1361,31,324,387
0.685,0.9777298850574713,0.45569620253164556,48.99999999997817,218.9999999999941,574.9999999999886,1361,31,324,387
0.686,0.9762931034482759,0.45569620253164556,48.99999999997817,218.9999999999941,575.3999999999907,1359,33,324,387
0.687,0.9762931034482759,0.45569620253164556,48.99999999997817,220.00000000002728,577.1999999999935,1359,33,324,387
0.688,0.9762931034482759,0.45569620253164556,49.00000000000091,221.00000000000364,578.5999999999718,1359,33,324,387
0.689,0.9755747126436781,0.45288326300984527,48.99999999999807,221.9999999999942,582.9999999999785,1358,34,322,389
0.69,0.9748563218390804,0.45288326300984527,49.599999999975346,225.00000000000853,584.599999999995,1357,35,322,389
0.691,0.9748563218390804,0.45147679324894513,49.599999999975346,226.99999999997544,589.9999999999977,1357,35,321,390
0.692,0.9748563218390804,0.45147679324894513,49.999999999980105,226.99999999997544,592.4000000000036,1357,35,321,390
0.693,0.9748563218390804,0.450070323488045,51.19999999999435,227.00000000000387,593.8000000000047,1357,35,320,391
0.694,0.9748563218390804,0.450070323488045,51.19999999999435,228.00000000000864,596.8000000000077,1357,35,320,391
0.695,0.9748563218390804,0.44866385372714485,52.60000000000672,230.0000000000182,598.4000000000038,1357,35,319,392
0.696,0.9748563218390804,0.44866385372714485,52.60000000000672,230.0000000000182,600.5999999999947,1357,35,319,392
0.697,0.9748563218390804,0.4472573839662447,52.60000000000672,230.99999999999454,600.5999999999947,1357,35,318,393
0.698,0.9748563218390804,0.4444444444444444,53.99999999999068,233.0000000000041,609.0000000000036,1357,35,316,395
0.699,0.9748563218390804,0.4444444444444444,54.99999999994998,234.0000000000373,612.3999999999797,1357,35,316,395
0.7,0.9748563218390804,0.4430379746835443,57.000000000007844,237.0000000000232,619.4000000000245,1357,35,315,396
0.701,0.9741379310344828,0.4430379746835443,57.00000000000571,237.0000000000232,619.5000000000306,1356,36,315,396
0.702,0.9741379310344828,0.4430379746835443,57.00000000001637,237.99999999999955,619.5000000000306,1356,36,315,396
0.703,0.9741379310344828,0.4430379746835443,57.999999999992724,239.00000000001853,620.000000000033,1356,36,315,396
0.704,0.9727011494252874,0.44022503516174405,57.999999999992724,241.50000000000205,625.799999999999,1354,38,313,398
0.705,0.9719827586206896,0.4388185654008439,59.200000000021205,242.999999999995,626.1999999999999,1353,39,312,399
0.706,0.9719827586206896,0.43741209563994377,60.000000000002274,242.99999999999855,627.8000000000475,1353,39,311,400
0.707,0.9719827586206896,0.4345991561181435,60.000000000002274,245.9999999999809,631.5999999999603,1353,39,309,402
0.708,0.9719827586206896,0.43319268635724334,60.19999999999756,246.99999999995725,631.5999999999603,1353,39,308,403
0.709,0.9719827586206896,0.43319268635724334,61.19999999998244,247.9999999999336,633.0000000000268,1353,39,308,403
0.71,0.9719827586206896,0.43319268635724334,61.19999999998244,250.0,634.6000000000457,1353,39,308,403
0.711,0.9719827586206896,0.43319268635724334,62.99999999999386,251.0000000000332,637.5999999999748,1353,39,308,403
0.712,0.9719827586206896,0.4317862165963432,62.99999999999386,251.9999999999527,637.9999999999768,1353,39,307,404
0.713,0.9712643678160919,0.43037974683544306,63.30000000001233,252.4999999999693,637.9999999999768,1352,40,306,405
0.714,0.9712643678160919,0.42756680731364277,63.30000000001233,252.99999999995748,638.0000000000024,1352,40,304,407
0.715,0.9712643678160919,0.42616033755274263,63.30000000001233,252.99999999995748,638.0000000000024,1352,40,303,408
0.716,0.9712643678160919,0.42616033755274263,65.99999999997692,253.00000000004275,638.0000000000024,1352,40,303,408
0.717,0.9712643678160919,0.42616033755274263,66.10000000000227,254.99999999999545,638.9000000000096,1352,40,303,408
0.718,0.9705459770114943,0.4247538677918425,67.00000000000017,255.00000000002387,639.00000000001,1351,41,302,409
0.719,0.9705459770114943,0.4247538677918425,67.00000000000728,257.99999999999557,639.9999999999864,1351,41,302,409
0.72,0.9705459770114943,0.4219409282700422,67.99999999998363,259.9999999999909,643.0000000000007,1351,41,300,411
0.721,0.9705459770114943,0.42053445850914206,67.99999999998363,260.99999999996726,644.0000000000055,1351,41,299,412
0.722,0.9705459770114943,0.4177215189873418,68.00000000001205,263.00000000000523,646.000000000015,1351,41,297,414
0.723,0.9705459770114943,0.4177215189873418,69.00000000001683,263.00000000003365,647.0000000000198,1351,41,297,414
0.724,0.9705459770114943,0.41631504922644164,69.99999999999318,265.00000000010004,647.0000000000198,1351,41,296,415
0.725,0.9705459770114943,0.41631504922644164,69.9999999999994,266.99999999993906,648.0000000000246,1351,41,296,415
0.726,0.9705459770114943,0.41631504922644164,70.00000000000739,267.00000000005275,648.0000000000246,1351,41,296,415
0.727,0.9698275862068966,0.4149085794655415,72.00000000000202,268.5000000000173,648.20000000002,1350,42,295,416
0.728,0.9698275862068966,0.4120956399437412,72.89999999998145,269.00000000000546,654.2000000000007,1350,42,293,418
0.729,0.9698275862068966,0.41068917018284107,73.0000000000814,269.49999999999363,654.2000000000007,1350,42,292,419
0.73,0.9698275862068966,0.41068917018284107,74.00000000001086,271.00000000000034,656.1000000000051,1350,42,292,419
0.731,0.9698275862068966,0.4078762306610408,74.00000000001086,272.9999999999677,657.0999999999985,1350,42,290,421
0.732,0.9698275862068966,0.4078762306610408,74.00000000001086,274.0000000000009,659.0999999999896,1350,42,290,421
0.733,0.9698275862068966,0.40646976090014064,74.89999999993984,274.9999999999986,659.0999999999896,1350,42,289,422
0.734,0.9698275862068966,0.4050632911392405,74.89999999993984,275.5000000000507,659.0999999999896,1350,42,288,423
0.735,0.9698275862068966,0.40365682137834036,74.99999999998863,276.49999999999864,662.0999999999812,1350,42,287,424
0.736,0.9691091954022989,0.40365682137834036,75.79999999996973,277.00000000001523,664.0000000000102,1349,43,287,424
0.737,0.9691091954022989,0.40365682137834036,76.00000000001756,278.99999999999636,670.1999999999884,1349,43,287,424
0.738,0.9691091954022989,0.40365682137834036,76.00000000001756,278.99999999999636,684.400000000028,1349,43,287,424
0.739,0.9691091954022989,0.40365682137834036,76.99999999999818,280.00000000000114,686.4000000000261,1349,43,287,424
0.74,0.9691091954022989,0.40365682137834036,76.99999999999818,281.0000000000059,688.7999999999922,1349,43,287,424
0.741,0.9691091954022989,0.3980309423347398,78.79999999995563,281.9999999999965,688.7999999999922,1349,43,283,428
0.742,0.9691091954022989,0.3980309423347398,79.80000000000162,284.9999999999966,692.3999999999979,1349,43,283,428
0.743,0.9691091954022989,0.3952180028129395,80.80000000002202,285.0000000000037,698.19999999998,1349,43,281,430
0.744,0.9691091954022989,0.39381153305203936,81.79999999999838,288.0000000000038,704.0000000000014,1349,43,280,431
0.745,0.9691091954022989,0.3924050632911392,82.79999999999747,289.0000000000441,704.0000000000014,1349,43,279,432
0.746,0.9691091954022989,0.3909985935302391,83.79999999995677,290.99999999994,704.200000000003,1349,43,278,433
0.747,0.9691091954022989,0.3909985935302391,84.00000000000318,290.99999999994,704.200000000003,1349,43,278,433
0.748,0.9691091954022989,0.38959212376933894,84.80000000000702,291.9999999999163,706.2000000000126,1349,43,277,434
0.749,0.9683908045977011,0.3881856540084388,86.6999999999962,293.00000000000637,708.0000000000069,1348,44,276,435
0.75,0.9683908045977011,0.3853727144866385,86.99999999998909,296.49999999998045,708.0000000000069,1348,44,274,437
0.751,0.9676724137931034,0.3853727144866385,86.99999999998909,298.0000000000018,710.0000000000193,1347,45,274,437
0.752,0.9676724137931034,0.38396624472573837,86.99999999998909,298.9999999999782,712.3999999999936,1347,45,273,438
0.753,0.9669540229885057,0.38396624472573837,87.50000000000568,300.00000000000426,714.0000000000159,1346,46,273,438
0.754,0.9669540229885057,0.38396624472573837,87.99999999997965,301.499999999983,714.0000000000159,1346,46,273,438
0.755,0.9669540229885057,0.38396624472573837,87.99999999997965,302.99999999999727,714.0000000000159,1346,46,273,438
0.756,0.9669540229885057,0.38396624472573837,88.00000000000807,305.9999999999903,715.50000000002,1346,46,273,438
0.757,0.9669540229885057,0.38396624472573837,88.00000000002228,305.9999999999903,719.9999999999989,1346,46,273,438
0.758,0.9662356321839081,0.38255977496483823,88.40000000001282,310.00000000000006,719.9999999999989,1345,47,272,439
0.759,0.9662356321839081,0.38255977496483823,90.00000000000341,311.00000000003547,720.6000000000018,1345,47,272,439
0.76,0.9662356321839081,0.379746835443038,90.99999999999113,314.00000000000006,721.0000000000036,1345,47,270,441
0.761,0.9662356321839081,0.37834036568213786,92.39999999997508,316.0000000000025,721.0000000000036,1345,47,269,442
0.762,0.9662356321839081,0.3769338959212377,93.00000000000637,317.0000000000073,721.6000000000578,1345,47,268,443
0.763,0.9662356321839081,0.3755274261603376,93.00000000000637,318.00000000000136,724.1999999999509,1345,47,267,444
0.764,0.9662356321839081,0.37412095639943743,94.399999999996,320.9999999999997,724.1999999999509,1345,47,266,445
0.765,0.9655172413793104,0.3727144866385373,94.29999999999553,322.9999999999791,726.6999999999825,1344,48,265,446
0.766,0.9655172413793104,0.3727144866385373,95.30000000001914,324.99999999998863,726.6999999999825,1344,48,265,446
0.767,0.9655172413793104,0.3727144866385373,96.00000000000364,324.99999999999574,726.9999999999928,1344,48,265,446
0.768,0.9655172413793104,0.3727144866385373,96.99999999998532,325.0000000000455,729.1000000000006,1344,48,265,446
0.769,0.9655172413793104,0.37130801687763715,96.99999999998532,325.0000000000455,731.3999999999997,1344,48,264,447
0.77,0.9655172413793104,0.36849507735583686,96.99999999998532,326.4999999999993,731.3999999999997,1344,48,262,449
0.771,0.9655172413793104,0.36849507735583686,97.30000000002975,326.9999999999982,731.3999999999997,1344,48,262,449
0.772,0.9655172413793104,0.3670886075949367,98.60000000005587,329.9999999999983,736.6999999999905,1344,48,261,450
0.773,0.9655172413793104,0.3670886075949367,104.59999999999783,331.50000000000546,739.7000000000077,1344,48,261,450
0.774,0.9655172413793104,0.3670886075949367,106.29999999998746,331.99999999999363,744.6999999999775,1344,48,261,450
0.775,0.9655172413793104,0.36427566807313644,106.99999999999932,332.499999999996,745.0000000000045,1344,48,259,452
0.776,0.9655172413793104,0.36427566807313644,107.30000000000076,335.00000000000085,748.0000000000302,1344,48,259,452
0.777,0.9655172413793104,0.3628691983122363,107.30000000000076,337.0000000000246,749.4000000000143,1344,48,258,453
0.778,0.9655172413793104,0.3628691983122363,108.00000000000409,338.99999999999864,752.700000000003,1344,48,258,453
0.779,0.9647988505747126,0.36146272855133615,108.19999999999938,340.0000000000034,753.0000000000342,1343,49,257,454
0.78,0.9647988505747126,0.35864978902953587,108.19999999999938,340.0000000000034,755.800000000022,1343,49,255,456
0.781,0.9647988505747126,0.35724331926863573,108.99999999999181,341.99999999999875,761.1999999999623,1343,49,254,457
0.782,0.9640804597701149,0.3558368495077356,108.99999999998613,342.50000000000114,772.0000000000454,1342,50,253,458
0.783,0.9640804597701149,0.35443037974683544,108.99999999998613,343.00000000004616,772.8999999999759,1342,50,252,459
0.784,0.9640804597701149,0.3530239099859353,109.10000000002924,345.50000000001546,772.8999999999759,1342,50,251,460
0.785,0.9640804597701149,0.3530239099859353,109.99999999995964,346.99999999998,772.8999999999759,1342,50,251,460
0.786,0.9640804597701149,0.350210970464135,109.99999999995964,349.00000000000375,775.0000000000284,1342,50,249,462
0.787,0.9633620689655172,0.3488045007032349,110.00000000001364,350.00000000002274,775.0000000000341,1341,51,248,463
0.788,0.9633620689655172,0.3488045007032349,112.99999999999955,353.00000000000864,775.000000000091,1341,51,248,463
0.789,0.9633620689655172,0.3488045007032349,112.99999999999955,357.999999999997,781.9999999999965,1341,51,248,463
0.79,0.9633620689655172,0.3488045007032349,112.99999999999955,358.0000000000041,782.0000000000391,1341,51,248,463
0.791,0.9633620689655172,0.3459915611814346,112.99999999999955,360.00000000001364,784.9999999999966,1341,51,246,465
0.792,0.9626436781609196,0.3459915611814346,112.99999999999955,362.00000000001074,785.2000000000205,1340,52,246,465
0.793,0.9626436781609196,0.3459915611814346,115.79999999998735,363.50000000001614,785.2000000000205,1340,52,246,465
0.794,0.9626436781609196,0.3459915611814346,115.99999999998545,365.0000000000091,786.9999999999806,1340,52,246,465
0.795,0.9626436781609196,0.3431786216596343,116.89999999996701,365.99999999998545,788.1000000000087,1340,52,244,467
0.796,0.9626436781609196,0.3389592123769339,117.89999999999736,366.4999999999736,789.9999999999693,1340,52,241,470
0.797,0.9619252873563219,0.3389592123769339,121.799999999962,370.00000000000455,791.2000000000035,1339,53,241,470
0.798,0.9619252873563219,0.3361462728551336,121.799999999962,372.9999999999336,793.9999999999827,1339,53,239,472
0.799,0.9612068965517241,0.33473980309423346,122.0000000000141,373.99999999998454,794.5999999999855,1338,54,238,473
0.8,0.9604885057471264,0.3319268635724332,122.60000000000417,375.0,796.3999999999943,1337,55,236,475
0.801,0.9597701149425287,0.33052039381153303,124.99999999998579,376.0000000000048,799.999999999983,1336,56,235,476
0.802,0.9597701149425287,0.33052039381153303,125.99999999997635,377.50000000000483,800.4999999999995,1336,56,235,476
0.803,0.9597701149425287,0.3291139240506329,126.99999999998113,381.4999999999742,803.4999999999712,1336,56,234,477
0.804,0.959051724137931,0.32770745428973275,129.400000000021,382.9999999999991,805.000000000004,1335,57,233,478
0.805,0.959051724137931,0.32770745428973275,130.40000000001442,384.9999999999909,805.5999999999927,1335,57,233,478
0.806,0.959051724137931,0.32770745428973275,131.0000000000116,389.00000000001,805.9999999999832,1335,57,233,478
0.807,0.959051724137931,0.3263009845288326,131.99999999996805,394.9999999999818,805.9999999999832,1335,57,232,479
0.808,0.959051724137931,0.3263009845288326,132.00000000000207,396.9999999999345,812.6000000000148,1335,57,232,479
0.809,0.959051724137931,0.3263009845288326,132.80000000000882,397.9999999999677,817.0000000000016,1335,57,232,479
0.81,0.9583333333333334,0.32489451476793246,134.9999999999909,399.99999999998437,817.0000000000031,1334,58,231,480
0.811,0.9561781609195402,0.32489451476793246,134.9999999999909,402.9999999999916,820.0000000000074,1331,61,231,480
0.812,0.9561781609195402,0.32489451476793246,134.9999999999909,403.00000000002,822.9999999999791,1331,61,231,480
0.813,0.9561781609195402,0.3234880450070324,135.99999999999923,406.0000000000059,824.9999999999957,1331,61,230,481
0.814,0.9561781609195402,0.32208157524613223,135.99999999999923,409.99999999996817,824.9999999999957,1331,61,229,482
0.815,0.9561781609195402,0.3206751054852321,135.99999999999923,413.0000000000109,830.0000000000125,1331,61,228,483
0.816,0.9561781609195402,0.31926863572433195,137.00000000000045,415.00000000000625,830.9999999999889,1331,61,227,484
0.817,0.9561781609195402,0.3178621659634318,138.00000000003365,415.9999999999968,832.99999999997,1331,61,226,485
0.818,0.9554597701149425,0.3150492264416315,139.89999999998872,417.0000000000016,834.9999999999795,1330,62,224,487
0.819,0.9554597701149425,0.30942334739803096,139.89999999998872,418.99999999999693,835.1999999999807,1330,62,220,491
0.82,0.9554597701149425,0.3080168776371308,141.0000000000167,420.9999999999996,840.0000000000318,1330,62,219,492
0.821,0.9554597701149425,0.3080168776371308,141.0000000000707,423.0000000000018,840.9999999999826,1330,62,219,492
0.822,0.9554597701149425,0.3066104078762307,144.7999999999965,424.9999999999545,844.1000000000024,1330,62,218,493
0.823,0.9547413793103449,0.3066104078762307,145.0000000000756,426.00000000004457,846.3999999999915,1329,63,218,493
0.824,0.9533045977011494,0.3066104078762307,148.00000000000182,427.99999999999727,848.0000000000359,1327,65,218,493
0.825,0.9533045977011494,0.3066104078762307,149.59999999998672,430.0000000000068,848.0000000000359,1327,65,218,493
0.826,0.9533045977011494,0.30520393811533053,151.199999999983,432.99999999999983,849.0000000000016,1327,65,217,494
0.827,0.9533045977011494,0.29957805907172996,153.19999999999254,438.00000000010186,849.8000000000021,1327,65,213,498
0.828,0.9533045977011494,0.2981715893108298,153.99999999999636,439.0000000000214,851.7999999999918,1327,65,212,499
0.829,0.9533045977011494,0.2967651195499297,156.20000000000118,442.99999999998363,853.7999999999956,1327,65,211,500
0.83,0.9533045977011494,0.29535864978902954,158.19999999999368,445.00000000005,856.7999999999986,1327,65,210,501
0.831,0.9533045977011494,0.29535864978902954,158.19999999999368,447.00000000000273,862.7999999999818,1327,65,210,501
0.832,0.9533045977011494,0.29535864978902954,161.19999999999663,449.99999999998863,865.8000000000131,1327,65,210,501
0.833,0.9525862068965517,0.29535864978902954,162.49999999999432,452.0000000000053,866.0000000000423,1326,66,210,501
0.834,0.9525862068965517,0.29535864978902954,163.0000000000109,452.9999999999852,868.0000000000252,1326,66,210,501
0.835,0.951867816091954,0.2939521800281294,165.00000000002615,453.00000000000296,870.0000000000045,1325,67,209,502
0.836,0.951867816091954,0.29254571026722925,166.0000000000018,455.99999999998886,870.0000000000045,1325,67,208,503
0.837,0.9511494252873564,0.29254571026722925,166.00000000000145,457.9999999999984,876.6999999999897,1324,68,208,503
0.838,0.9504310344827587,0.29254571026722925,166.1999999999978,460.9999999999843,876.7999999999915,1323,69,208,503
0.839,0.9504310344827587,0.29254571026722925,166.1999999999978,461.9999999999891,880.000000000021,1323,69,208,503
0.84,0.9497126436781609,0.2911392405063291,166.10000000000085,461.99999999999443,887.0000000000005,1322,70,207,504
0.841,0.9489942528735632,0.2911392405063291,166.99999999997317,464.999999999975,891.0000000000053,1321,71,207,504
0.842,0.9482758620689655,0.2911392405063291,166.89999999997625,465.0000000000034,892.1999999999964,1320,72,207,504
0.843,0.9482758620689655,0.2883263009845288,171.99999999996294,467.4999999999727,894.9999999999932,1320,72,205,506
0.844,0.9482758620689655,0.2883263009845288,172.00000000001978,469.99999999998465,898.0000000000246,1320,72,205,506
0.845,0.9475574712643678,0.2869198312236287,175.79999999995835,475.00000000002274,900.1999999999839,1319,73,204,507
0.846,0.9468390804597702,0.2869198312236287,175.99999999997067,478.9999999999566,903.2999999999951,1318,74,204,507
0.847,0.9468390804597702,0.2869198312236287,175.99999999997067,483.00000000000057,908.6000000000012,1318,74,204,507
0.848,0.9468390804597702,0.28551336146272854,176.7000000000147,483.00000000000233,910.5999999999709,1318,74,203,508
0.849,0.9468390804597702,0.2841068917018284,178.4000000000062,484.49999999999704,913.3000000000038,1318,74,202,509
0.85,0.9461206896551724,0.2812939521800281,181.59999999998035,486.99999999999477,915.9999999999968,1317,75,200,511
0.851,0.944683908045977,0.279887482419128,186.4000000000047,487.99999999999955,919.6000000000028,1315,77,199,512
0.852,0.9432471264367817,0.27848101265822783,186.20000000000235,492.999999999995,923.0000000000018,1313,79,198,513
0.853,0.9425287356321839,0.27566807313642755,187.10000000000946,492.99999999999676,924.999999999993,1312,80,196,515
0.854,0.9418103448275862,0.2714486638537271,187.99999999998818,495.00000000000455,925.0000000000682,1311,81,193,518
0.855,0.9418103448275862,0.2714486638537271,188.0000000000166,497.0000000000141,930.0000000000637,1311,81,193,518
0.856,0.9418103448275862,0.2714486638537271,188.99999999996453,500.0,930.0000000000637,1311,81,193,518
0.857,0.9403735632183908,0.2714486638537271,189.00000000002137,501.0000000000048,933.3999999999834,1309,83,193,518
0.858,0.9403735632183908,0.270042194092827,189.99999999999773,503.00000000004275,935.0000000000023,1309,83,192,519
0.859,0.9396551724137931,0.26863572433192684,190.7000000000011,507.99999999998136,937.0000000000118,1308,84,191,520
0.86,0.9389367816091954,0.26863572433192684,193.40000000003099,507.99999999998136,937.0000000000118,1307,85,191,520
0.861,0.9389367816091954,0.2672292545710267,199.1999999999564,514.9999999999864,937.9999999999995,1307,85,190,521
0.862,0.9382183908045977,0.2672292545710267,201.49999999996604,517.4999999999983,938.5000000000332,1306,86,190,521
0.863,0.9375,0.2672292545710267,209.4000000000051,523.0000000000246,939.9999999999977,1305,87,190,521
0.864,0.9367816091954023,0.2672292545710267,211.2999999999957,525.4999999999654,940.6999999999414,1304,88,190,521
0.865,0.9367816091954023,0.2672292545710267,216.90000000002104,530.5000000000035,940.6999999999414,1304,88,190,521
0.866,0.9360632183908046,0.2672292545710267,216.6000000000168,533.0000000000155,942.7999999999884,1303,89,190,521
0.867,0.9353448275862069,0.2672292545710267,222.10000000002879,534.0000000000202,943.8999999999638,1302,90,190,521
0.868,0.9346264367816092,0.2672292545710267,223.00000000000009,537.0000000000346,943.99999999996,1301,91,190,521
0.869,0.9324712643678161,0.2630098452883263,224.6999999999929,542.5000000000182,945.0000000000102,1298,94,187,524
0.87,0.9324712643678161,0.2630098452883263,225.9999999999991,547.0000000000184,951.3000000000147,1298,94,187,524
0.871,0.9310344827586207,0.2630098452883263,227.49999999996362,550.0000000000114,952.5000000000006,1296,96,187,524
0.872,0.9295977011494253,0.2616033755274262,229.30000000001485,550.0000000000114,956.9999999999936,1294,98,186,525
0.873,0.9288793103448276,0.2616033755274262,230.0000000000182,552.0000000000209,958.0000000000218,1293,99,186,525
0.874,0.9274425287356322,0.2616033755274262,233.0000000000041,557.0000000000164,960.9999999999843,1291,101,186,525
0.875,0.9252873563218391,0.26019690576652604,234.0000000000062,561.5000000000094,966.0000000000082,1288,104,185,526
0.876,0.9224137931034483,0.2587904360056259,234.00000000000267,564.0000000000391,969.9999999999989,1284,108,184,527
0.877,0.923132183908046,0.25738396624472576,234.0000000000373,567.9999999999836,973.2000000000087,1285,107,183,528
0.878,0.923132183908046,0.25738396624472576,238.99999999999864,569.9999999999932,974.6000000000039,1285,107,183,528
0.879,0.9224137931034483,0.2545710267229255,239.30000000002565,572.4999999999909,980.7000000000016,1284,108,181,530
0.88,0.923132183908046,0.2545710267229255,240.39999999999964,574.0000000000123,982.0000000000505,1285,107,181,530
0.881,0.923132183908046,0.25035161744022505,242.19999999997984,580.9999999999604,987.6000000000091,1285,107,178,533
0.882,0.9224137931034483,0.2489451476793249,245.99999999999795,583.0000000000135,992.9999999999999,1284,108,177,534
0.883,0.9209770114942529,0.24613220815752462,247.99999999999045,587.4999999999773,993.0000000000014,1282,110,175,536
0.884,0.9202586206896551,0.24472573839662448,248.99999999999523,590.0000000000034,992.999999999995,1281,111,174,537
0.885,0.9195402298850575,0.24331926863572434,250.0,595.5000000000013,994.5000000000007,1280,112,173,538
0.886,0.9195402298850575,0.24050632911392406,253.80000000001814,600.9999999999991,1005.5999999999966,1280,112,171,540
0.887,0.9181034482758621,0.23769338959212377,254.70000000000255,602.9999999999802,1006.7999999999963,1278,114,169,542
0.888,0.9173850574712644,0.23628691983122363,257.200000000023,605.9999999999945,1012.0000000000005,1277,115,168,543
0.889,0.915948275862069,0.2320675105485232,258.3999999999886,610.0000000000136,1014.4000000000125,1275,117,165,546
0.89,0.9152298850574713,0.22925457102672292,259.5999999999898,611.0000000000068,1056.500000000014,1274,118,163,548
0.891,0.9137931034482759,0.22784810126582278,260.99999999997084,617.0000000000186,1072.9000000000326,1272,120,162,549
0.892,0.9123563218390804,0.22362869198312235,268.900000000005,620.9999999999905,1097.9999999999861,1270,122,159,552
0.893,0.9094827586206896,0.22362869198312235,272.49999999996754,623.4999999999786,1110.5000000000018,1266,126,159,552
0.894,0.9073275862068966,0.2222222222222222,273.2000000000028,627.9999999999859,1140.8000000000013,1263,129,158,553
0.895,0.9058908045977011,0.2180028129395218,274.99999999997726,629.9999999999955,1171.999999999997,1261,131,155,556
0.896,0.9037356321839081,0.21659634317862167,274.69999999998436,632.5000000000216,1213.399999999987,1258,134,154,557
0.897,0.9008620689655172,0.21518987341772153,278.99999999999756,633.499999999998,1230.8000000000013,1254,138,153,558
0.898,0.8994252873563219,0.21378340365682139,280.99999999999955,643.0000000000007,1280.700000000015,1252,140,152,559
0.899,0.8972701149425287,0.20815752461322082,288.0000000000109,649.0000000000009,1290.5999999999951,1249,143,148,563
0.9,0.8943965517241379,0.20815752461322082,288.0000000000109,657.9999999999018,1319.1999999999944,1245,147,148,563
0.901,0.8929597701149425,0.20675105485232068,291.80000000000064,662.9999999999541,1354.7999999999772,1243,149,147,564
0.902,0.8915229885057471,0.20253164556962025,296.0000000000065,666.9999999999163,1372.0,1241,151,144,567
0.903,0.8900862068965517,0.19971870604781997,296.0000000000406,670.0000000000159,1429.40000000001,1239,153,142,569
0.904,0.8864942528735632,0.19971870604781997,298.0000000000018,680.0000000000068,1480.6000000000101,1234,158,142,569
0.905,0.8843390804597702,0.19971870604781997,300.00000000001137,682.0000000000022,1526.99999999993,1231,161,142,569
0.906,0.8829022988505747,0.19549929676511954,304.0000000000003,684.0000000000259,1551.4000000000017,1229,163,139,572
0.907,0.8807471264367817,0.19127988748241911,308.4999999999965,691.5000000000191,1570.5000000000027,1226,166,136,575
0.908,0.8793103448275862,0.189873417721519,311.3000000000284,694.0000000000168,1625.499999999997,1224,168,135,576
0.909,0.8764367816091954,0.18706047819971872,311.9000000000142,699.499999999972,1652.2000000000137,1220,172,133,578
0.91,0.8735632183908046,0.18706047819971872,317.50000000000966,706.9999999999936,1688.9999999999645,1216,176,133,578
0.911,0.8706896551724138,0.18424753867791843,321.2000000000238,709.5000000000018,1686.1000000000113,1212,180,131,580
0.912,0.8692528735632183,0.1828410689170183,322.800000000003,712.9999999999939,1792.6000000000024,1210,182,130,581
0.913,0.8642241379310345,0.17580872011251758,326.40000000001237,716.9999999999845,1759.3999999999908,1203,189,125,586
0.914,0.8620689655172413,0.17440225035161744,328.89999999995325,724.0000000000038,1803.4999999999982,1200,192,124,587
0.915,0.8591954022988506,0.170182841068917,340.0000000000034,726.5000000000157,1833.500000000029,1196,196,121,590
0.916,0.8541666666666666,0.16736990154711673,344.60000000003674,730.9999999999981,1854.6000000000336,1189,203,119,592
0.917,0.8520114942528736,0.16455696202531644,345.0000000000273,741.0000000000139,1881.0000000000216,1186,206,117,594
0.918,0.8455459770114943,0.1617440225035162,346.59999999998945,747.0000000000141,1928.0000000000152,1177,215,115,596
0.919,0.8426724137931034,0.15471167369901548,349.1999999999507,750.0,1944.5999999999938,1173,219,110,601
0.92,0.8390804597701149,0.1518987341772152,349.70000000001704,757.499999999979,1947.5000000000075,1168,224,108,603
0.921,0.8333333333333334,0.1490857946554149,351.7999999999802,763.5000000000076,1956.0999999999894,1160,232,106,605
0.922,0.826867816091954,0.14486638537271448,354.99999999998977,768.0000000000291,1969.000000000051,1151,241,103,608
0.923,0.8204022988505747,0.14345991561181434,361.09999999998763,777.9999999999561,2009.3999999999942,1142,250,102,609
0.924,0.8146551724137931,0.13783403656821377,366.0000000000039,781.9999999999965,2054.1000000000026,1134,258,98,613
0.925,0.8081896551724138,0.13783403656821377,368.59999999996944,784.9999999999966,2079.4000000000015,1125,267,98,613
0.926,0.8024425287356322,0.13361462728551335,372.1999999999909,788.0000000000109,2102.3999999999996,1117,275,95,616
0.927,0.7959770114942529,0.1308016877637131,372.3999999999926,790.5000000000086,2159.9999999999854,1108,284,93,618
0.928,0.7866379310344828,0.1279887482419128,374.20000000004165,789.0000000000157,2187.0000000000123,1095,297,91,620
0.929,0.7772988505747126,0.12658227848101267,376.10000000003083,795.0000000000017,2235.8999999999864,1082,310,90,621
0.93,0.7679597701149425,0.1209563994374121,377.0000000000664,800.9999999999877,2251.199999999983,1069,323,86,625
0.931,0.7607758620689655,0.1209563994374121,387.40000000000384,802.9999999999973,2255.399999999986,1059,333,86,625
0.932,0.75,0.11814345991561181,397.3000000000088,810.0000000000011,2338.7999999999693,1044,348,84,627
0.933,0.7413793103448276,0.1111111111111111,398.2000000000198,819.0000000000239,2345.3999999999974,1032,360,79,632
0.934,0.7306034482758621,0.1111111111111111,401.199999999983,825.0000000000455,2337.5999999999635,1017,375,79,632
0.935,0.7248563218390804,0.10689170182841069,409.59999999996626,832.9999999999984,2418.4000000000146,1009,383,76,635
0.936,0.7112068965517241,0.10267229254571027,412.80000000000996,841.0000000000082,2436.299999999989,990,402,73,638
0.937,0.694683908045977,0.09845288326300984,412.2000000000071,844.9999999999989,2437.2000000000185,967,425,70,641
0.938,0.6831896551724138,0.09423347398030943,415.00000000002046,846.0000000000036,2435.9999999999786,951,441,67,644
0.939,0.6745689655172413,0.09142053445850915,427.79999999999063,847.9999999999563,2458.6000000000017,939,453,65,646
0.94,0.6594827586206896,0.09142053445850915,426.3999999999953,850.9999999999991,2488.300000000001,918,474,65,646
0.941,0.6458333333333334,0.08860759493670886,427.79999999999063,853.0000000000086,2512.9999999999895,899,493,63,648
0.942,0.6278735632183908,0.08720112517580872,429.2999999999998,852.9999999999802,2554.400000000022,874,518,62,649
0.943,0.6135057471264368,0.08579465541490858,429.2999999999998,855.9999999999945,2588.9999999999986,854,538,61,650
0.944,0.5962643678160919,0.07876230661040788,437.7999999999894,856.4999999999969,2622.8000000000125,830,562,56,655
0.945,0.5754310344827587,0.0759493670886076,444.0000000000168,855.0000000000182,2632.000000000062,801,591,54,657
0.946,0.5603448275862069,0.07313642756680731,453.60000000000014,862.4999999999972,2635.999999999992,780,612,52,659
0.947,0.5402298850574713,0.06751054852320675,454.9999999999386,872.9999999999905,2644.7999999999993,752,640,48,663
0.948,0.5294540229885057,0.06329113924050633,457.99999999998704,879.9999999999955,2658.7999999999965,737,655,45,666
0.949,0.5129310344827587,0.057665260196905765,457.2999999999915,879.9999999999955,2649.1999999999966,714,678,41,670
0.95,0.4942528735632184,0.05625879043600562,456.4000000000128,876.5000000000498,2642.9999999999895,688,704,40,671
0.951,0.48060344827586204,0.052039381153305204,455.0000000000182,884.9999999999909,2643.4000000000224,669,723,37,674
0.952,0.46264367816091956,0.052039381153305204,450.79999999998677,885.5000000000359,2702.299999999997,644,748,37,674
0.953,0.4482758620689655,0.04922644163150492,455.6000000000289,889.9999999999864,2706.399999999991,624,768,35,676
0.954,0.430316091954023,0.0450070323488045,453.79999999994425,887.9999999999768,2670.5999999999676,599,793,32,679
0.955,0.41163793103448276,0.04360056258790436,457.2000000000003,886.000000000081,2651.9999999999645,573,819,31,680
0.956,0.3922413793103448,0.04219409282700422,457.49999999999955,896.0000000000434,2678.5000000000136,546,846,30,681
0.957,0.3757183908045977,0.04219409282700422,460.60000000000514,901.9999999999868,2735.600000000022,523,869,30,681
0.958,0.35201149425287354,0.040787623066104076,470.1999999999963,906.0000000000059,2708.1999999999766,490,902,29,682
0.959,0.3311781609195402,0.040787623066104076,484.99999999999943,906.0000000000059,2737.000000000023,461,931,29,682
0.96,0.3089080459770115,0.0379746835443038,484.4999999999992,903.5000000000082,2712.000000000035,430,962,27,684
0.961,0.28520114942528735,0.035161744022503515,476.0000000000048,906.0000000000059,2716.800000000024,397,995,25,686
0.962,0.26436781609195403,0.03375527426160337,486.39999999999907,906.0000000000059,2699.2999999999656,368,1024,24,687
0.963,0.24209770114942528,0.03375527426160337,485.5999999999971,906.9999999999965,2689.999999999998,337,1055,24,687
0.964,0.22054597701149425,0.030942334739803096,476.5999999999999,903.00000000002,2689.999999999998,307,1085,22,689
0.965,0.20330459770114942,0.02812939521800281,490.199999999993,908.0000000000013,2695.9999999999695,283,1109,20,691
0.966,0.18318965517241378,0.02531645569620253,483.3999999999983,908.0000000000013,2724.799999999993,255,1137,18,693
0.967,0.16810344827586207,0.02250351617440225,474.79999999999944,906.0000000000059,2692.6999999999684,234,1158,16,695
0.968,0.14224137931034483,0.01969057665260197,477.20000000000005,906.5000000000011,2684.299999999985,198,1194,14,697
0.969,0.12428160919540229,0.014064697609001406,474.1999999999993,900.0000000000057,2640.4,173,1219,10,701
0.97,0.10704022988505747,0.014064697609001406,471.39999999999986,876.0000000000332,2597.000000000002,149,1243,10,701
0.971,0.09267241379310345,0.012658227848101266,462.8000000000025,868.0000000000518,2548.400000000001,129,1263,9,702
0.972,0.08548850574712644,0.011251758087201125,453.19999999999965,871.9999999999857,2611.200000000006,119,1273,8,703
0.973,0.07040229885057471,0.011251758087201125,452.1999999999988,874.0000000000094,2730.5000000000186,98,1294,8,703
0.974,0.0639367816091954,0.008438818565400843,446.5999999999937,871.9999999999857,2326.4000000000096,89,1303,6,705
0.975,0.05028735632183908,0.005625879043600563,445.9000000000009,848.9999999999895,2314.4000000000206,70,1322,4,707
0.976,0.042385057471264365,0.004219409282700422,426.2000000000171,831.0000000000173,2205.9999999999836,59,1333,3,708
0.977,0.03089080459770115,0.004219409282700422,466.20000000000203,855.9999999999945,2287.0000000000123,43,1349,3,708
0.978,0.022988505747126436,0.004219409282700422,515.1000000000153,866.0000000000139,2317.6000000000126,32,1360,3,708
0.979,0.017241379310344827,0.004219409282700422,468.1000000000035,843.5000000000059,1914.1000000000124,24,1368,3,708
0.98,0.015804597701149427,0.0028129395218002813,518.3000000000133,843.5000000000059,2180.7000000000216,22,1370,2,709
0.981,0.010057471264367816,0.0014064697609001407,405.80000000003054,784.9999999999966,963.0999999999972,14,1378,1,710
0.982,0.007183908045977011,0.0014064697609001407,499.40000000001703,833.4999999999866,1133.3999999999983,10,1382,1,710
0.983,0.005747126436781609,0.0014064697609001407,468.20000000002153,700.000000000017,927.6999999999972,8,1384,1,710
0.984,0.0035919540229885057,0.0014064697609001407,421.4000000000283,894.0000000000055,948.399999999998,5,1387,1,710
0.985,0.0028735632183908046,0.0014064697609001407,405.80000000003054,704.5000000000101,903.0999999999992,4,1388,1,710
0.986,0.0014367816091954023,0.0014064697609001407,552.9000000000138,704.5000000000101,856.1000000000064,2,1390,1,710
0.987,0.0007183908045977011,0.0014064697609001407,894.0000000000055,894.0000000000055,894.0000000000055,1,1391,1,710
0.988,0.0007183908045977011,0.0014064697609001407,894.0000000000055,894.0000000000055,894.0000000000055,1,1391,1,710
0.989,0.0007183908045977011,0.0014064697609001407,894.0000000000055,894.0000000000055,894.0000000000055,1,1391,1,710
0.99,0.0007183908045977011,0.0,894.0000000000055,894.0000000000055,894.0000000000055,1,1391,0,711
0.991,0.0007183908045977011,0.0,894.0000000000055,894.0000000000055,894.0000000000055,1,1391,0,711
0.992,0.0007183908045977011,0.0,894.0000000000055,894.0000000000055,894.0000000000055,1,1391,0,711
0.993,0.0007183908045977011,0.0,894.0000000000055,894.0000000000055,894.0000000000055,1,1391,0,711
0.994,0.0,0.0,nan,nan,nan,0,1392,0,711
0.995,0.0,0.0,nan,nan,nan,0,1392,0,711
0.996,0.0,0.0,nan,nan,nan,0,1392,0,711
0.997,0.0,0.0,nan,nan,nan,0,1392,0,711
0.998,0.0,0.0,nan,nan,nan,0,1392,0,711
0.999,0.0,0.0,nan,nan,nan,0,1392,0,711
1,0.0,0.0,nan,nan,nan,0,1392,0,711
